,california_housing | direct | sketch_size = m/4 = 5160 | residual_norms (median),california_housing | direct | sketch_size = m/4 = 5160 | residual_norms (1st quartile),california_housing | direct | sketch_size = m/4 = 5160 | residual_norms (3rd quartile),california_housing | cg | sketch_size = m/4 = 5160 | residual_norms (median),california_housing | cg | sketch_size = m/4 = 5160 | residual_norms (1st quartile),california_housing | cg | sketch_size = m/4 = 5160 | residual_norms (3rd quartile),california_housing | subsample | sketch_size = m/4 = 5160 | residual_norms (median),california_housing | subsample | sketch_size = m/4 = 5160 | residual_norms (1st quartile),california_housing | subsample | sketch_size = m/4 = 5160 | residual_norms (3rd quartile),california_housing | count | sketch_size = m/4 = 5160 | residual_norms (median),california_housing | count | sketch_size = m/4 = 5160 | residual_norms (1st quartile),california_housing | count | sketch_size = m/4 = 5160 | residual_norms (3rd quartile)
0,3.490994892463635e-16,3.490994892463635e-16,3.490994892463635e-16,1.0,1.0,1.0,1.0,1.0,1.0,1.0,1.0,1.0
1,,,,0.6357439604250492,0.6357439604250492,0.6357439604250492,0.8202637079162958,0.8202637079162958,0.8202637079162958,0.8027927259201263,0.8027927259201263,0.8027927259201263
2,,,,0.2849688153508205,0.2849688153508205,0.2849688153508205,0.685058919732742,0.685058919732742,0.685058919732742,0.6716384206572804,0.6716384206572804,0.6716384206572804
3,,,,0.12124374943683738,0.12124374943683738,0.12124374943683738,0.5767311624362043,0.5767311624362043,0.5767311624362043,0.5708042783726025,0.5708042783726025,0.5708042783726025
4,,,,0.054918048295967935,0.054918048295967935,0.054918048295967935,0.4931502864813044,0.4931502864813044,0.4931502864813044,0.49022779162934094,0.49022779162934094,0.49022779162934094
5,,,,0.029486946909511664,0.029486946909511664,0.029486946909511664,0.4193337557419222,0.4193337557419222,0.4193337557419222,0.4208586350032953,0.4208586350032953,0.4208586350032953
6,,,,0.01967411542472507,0.01967411542472507,0.01967411542472507,0.36518210680060315,0.36518210680060315,0.36518210680060315,0.3645309425058893,0.3645309425058893,0.3645309425058893
7,,,,0.016205671113023866,0.016205671113023866,0.016205671113023866,0.31430723065853433,0.31430723065853433,0.31430723065853433,0.3152821066649972,0.3152821066649972,0.3152821066649972
8,,,,0.01327765445216904,0.01327765445216904,0.01327765445216904,0.27195096828574905,0.27195096828574905,0.27195096828574905,0.27341827951867315,0.27341827951867315,0.27341827951867315
9,,,,0.00984242945134083,0.00984242945134083,0.00984242945134083,0.2322055893118029,0.2322055893118029,0.2322055893118029,0.2352951262189308,0.2352951262189308,0.2352951262189308
10,,,,0.007561593406706659,0.007561593406706659,0.007561593406706659,0.20002170945671385,0.20002170945671385,0.20002170945671385,0.20450029696032124,0.20450029696032124,0.20450029696032124
11,,,,0.006677666914752103,0.006677666914752103,0.006677666914752103,0.17469511920201566,0.17469511920201566,0.17469511920201566,0.177755252764239,0.177755252764239,0.177755252764239
12,,,,0.005833065969763327,0.005833065969763327,0.005833065969763327,0.1506157219389901,0.1506157219389901,0.1506157219389901,0.15468727158842344,0.15468727158842344,0.15468727158842344
13,,,,0.004628708629109862,0.004628708629109862,0.004628708629109862,0.12630542049694313,0.12630542049694313,0.12630542049694313,0.1335161497062069,0.1335161497062069,0.1335161497062069
14,,,,0.0038234883403771135,0.0038234883403771135,0.0038234883403771135,0.11323171807620504,0.11323171807620504,0.11323171807620504,0.11664565463106326,0.11664565463106326,0.11664565463106326
15,,,,0.0035930881625876442,0.0035930881625876442,0.0035930881625876442,0.09386412592365043,0.09386412592365043,0.09386412592365043,0.1013784670951788,0.1013784670951788,0.1013784670951788
16,,,,0.003350093056604637,0.003350093056604637,0.003350093056604637,0.07753556309281254,0.07753556309281254,0.07753556309281254,0.08828267611396859,0.08828267611396859,0.08828267611396859
17,,,,0.002983956497906639,0.002983956497906639,0.002983956497906639,0.06749073345148818,0.06749073345148818,0.06749073345148818,0.07696079148710222,0.07696079148710222,0.07696079148710222
18,,,,0.0025735107723010367,0.0025735107723010367,0.0025735107723010367,0.06074005245106126,0.06074005245106126,0.06074005245106126,0.06723600781924136,0.06723600781924136,0.06723600781924136
19,,,,0.002321747645665499,0.002321747645665499,0.002321747645665499,0.05551976670239478,0.05551976670239478,0.05551976670239478,0.05852719559908503,0.05852719559908503,0.05852719559908503
20,,,,0.0021954278063265826,0.0021954278063265826,0.0021954278063265826,0.047274723873252926,0.047274723873252926,0.047274723873252926,0.051447047599157365,0.051447047599157365,0.051447047599157365
21,,,,0.002067528428635331,0.002067528428635331,0.002067528428635331,0.041474570204899676,0.041474570204899676,0.041474570204899676,0.04513883240017477,0.04513883240017477,0.04513883240017477
22,,,,0.001996638296786362,0.001996638296786362,0.001996638296786362,0.03861736590790509,0.03861736590790509,0.03861736590790509,0.03966116822085599,0.03966116822085599,0.03966116822085599
23,,,,0.002010192338307704,0.002010192338307704,0.002010192338307704,0.030029613489177823,0.030029613489177823,0.030029613489177823,0.03484017296293283,0.03484017296293283,0.03484017296293283
24,,,,0.0020273984490723177,0.0020273984490723177,0.0020273984490723177,0.02763992698709669,0.02763992698709669,0.02763992698709669,0.030840791270687517,0.030840791270687517,0.030840791270687517
25,,,,0.001956089905969351,0.001956089905969351,0.001956089905969351,0.0245876445001786,0.0245876445001786,0.0245876445001786,0.027286114833456433,0.027286114833456433,0.027286114833456433
26,,,,0.001776697783143395,0.001776697783143395,0.001776697783143395,0.02369289328046227,0.02369289328046227,0.02369289328046227,0.02411588846207327,0.02411588846207327,0.02411588846207327
27,,,,0.0017391169108880856,0.0017391169108880856,0.0017391169108880856,0.018844983647071975,0.018844983647071975,0.018844983647071975,0.021418036828423394,0.021418036828423394,0.021418036828423394
28,,,,0.0016015611347904378,0.0016015611347904378,0.0016015611347904378,0.014884530389630349,0.014884530389630349,0.014884530389630349,0.019079616848085974,0.019079616848085974,0.019079616848085974
29,,,,0.0014103331192830285,0.0014103331192830285,0.0014103331192830285,0.013611298563578173,0.013611298563578173,0.013611298563578173,0.017062705805806266,0.017062705805806266,0.017062705805806266
30,,,,0.0012320030164169136,0.0012320030164169136,0.0012320030164169136,0.01011154962666761,0.01011154962666761,0.01011154962666761,0.015302919986182672,0.015302919986182672,0.015302919986182672
31,,,,0.0011404561404187493,0.0011404561404187493,0.0011404561404187493,0.00949679927794677,0.00949679927794677,0.00949679927794677,0.013705771661325675,0.013705771661325675,0.013705771661325675
32,,,,0.0009726257093797011,0.0009726257093797011,0.0009726257093797011,0.00816809783603512,0.00816809783603512,0.00816809783603512,0.012368162422500191,0.012368162422500191,0.012368162422500191
33,,,,0.0008707694717612047,0.0008707694717612047,0.0008707694717612047,0.006328232311134845,0.006328232311134845,0.006328232311134845,0.01115841155437019,0.01115841155437019,0.01115841155437019
34,,,,0.0008347361230050801,0.0008347361230050801,0.0008347361230050801,0.006076290855526794,0.006076290855526794,0.006076290855526794,0.010136608018365245,0.010136608018365245,0.010136608018365245
35,,,,0.0007366404007636037,0.0007366404007636037,0.0007366404007636037,0.005777870846188408,0.005777870846188408,0.005777870846188408,0.009253044972175582,0.009253044972175582,0.009253044972175582
36,,,,0.0006470449573943374,0.0006470449573943374,0.0006470449573943374,0.0052634616221880915,0.0052634616221880915,0.0052634616221880915,0.008490023435355284,0.008490023435355284,0.008490023435355284
37,,,,0.0005978189532841554,0.0005978189532841554,0.0005978189532841554,0.004323515791243247,0.004323515791243247,0.004323515791243247,0.007794459615140013,0.007794459615140013,0.007794459615140013
38,,,,0.0005588252168230513,0.0005588252168230513,0.0005588252168230513,0.00413892140684642,0.00413892140684642,0.00413892140684642,0.007171007160952373,0.007171007160952373,0.007171007160952373
39,,,,0.0005251490606771577,0.0005251490606771577,0.0005251490606771577,0.003509349714244189,0.003509349714244189,0.003509349714244189,0.006627968945513614,0.006627968945513614,0.006627968945513614
40,,,,0.0004968729001833311,0.0004968729001833311,0.0004968729001833311,0.00329385163602862,0.00329385163602862,0.00329385163602862,0.006173079079560227,0.006173079079560227,0.006173079079560227
41,,,,0.0004978356637494114,0.0004978356637494114,0.0004978356637494114,0.0032329111243347233,0.0032329111243347233,0.0032329111243347233,0.0057333660785880945,0.0057333660785880945,0.0057333660785880945
42,,,,0.00048705790486062555,0.00048705790486062555,0.00048705790486062555,0.0029424498366486824,0.0029424498366486824,0.0029424498366486824,0.005370156549035395,0.005370156549035395,0.005370156549035395
43,,,,0.0004563590352999921,0.0004563590352999921,0.0004563590352999921,0.002761975438464722,0.002761975438464722,0.002761975438464722,0.005056923320525203,0.005056923320525203,0.005056923320525203
44,,,,0.00043314334147519066,0.00043314334147519066,0.00043314334147519066,0.0022769139945789745,0.0022769139945789745,0.0022769139945789745,0.00478844567418668,0.00478844567418668,0.00478844567418668
45,,,,0.0004031005598208599,0.0004031005598208599,0.0004031005598208599,0.0021503756871691965,0.0021503756871691965,0.0021503756871691965,0.004543405777853555,0.004543405777853555,0.004543405777853555
46,,,,0.0003840304516945137,0.0003840304516945137,0.0003840304516945137,0.0021296306905099526,0.0021296306905099526,0.0021296306905099526,0.004311074704705904,0.004311074704705904,0.004311074704705904
47,,,,0.0003542006364831599,0.0003542006364831599,0.0003542006364831599,0.0020570552970924244,0.0020570552970924244,0.0020570552970924244,0.004100865104866137,0.004100865104866137,0.004100865104866137
48,,,,0.00032466842711561134,0.00032466842711561134,0.00032466842711561134,0.00197099477718764,0.00197099477718764,0.00197099477718764,0.003916580335980806,0.003916580335980806,0.003916580335980806
49,,,,0.00030544024703655633,0.00030544024703655633,0.00030544024703655633,0.0019671759079841165,0.0019671759079841165,0.0019671759079841165,0.0037563627696651685,0.0037563627696651685,0.0037563627696651685
50,,,,0.0002918162860636888,0.0002918162860636888,0.0002918162860636888,0.0018069488566388593,0.0018069488566388593,0.0018069488566388593,0.0036228042786483963,0.0036228042786483963,0.0036228042786483963
51,,,,0.00029217990585072207,0.00029217990585072207,0.00029217990585072207,0.0016963214965326793,0.0016963214965326793,0.0016963214965326793,0.003505541416886211,0.003505541416886211,0.003505541416886211
52,,,,0.0002923407947609565,0.0002923407947609565,0.0002923407947609565,0.00169583146847602,0.00169583146847602,0.00169583146847602,0.0033861945523034572,0.0033861945523034572,0.0033861945523034572
53,,,,0.00026962212044291764,0.00026962212044291764,0.00026962212044291764,0.0016791316702528963,0.0016791316702528963,0.0016791316702528963,0.0032550565478321703,0.0032550565478321703,0.0032550565478321703
54,,,,0.00024672996243543013,0.00024672996243543013,0.00024672996243543013,0.0016054710406261101,0.0016054710406261101,0.0016054710406261101,0.0031572713429493045,0.0031572713429493045,0.0031572713429493045
55,,,,0.00023359543437307057,0.00023359543437307057,0.00023359543437307057,0.0015447816327658194,0.0015447816327658194,0.0015447816327658194,0.003068439040648534,0.003068439040648534,0.003068439040648534
56,,,,0.0002110013935095122,0.0002110013935095122,0.0002110013935095122,0.001529049877281063,0.001529049877281063,0.001529049877281063,0.0029817656920369034,0.0029817656920369034,0.0029817656920369034
57,,,,0.00019458321170959104,0.00019458321170959104,0.00019458321170959104,0.0014850216343556565,0.0014850216343556565,0.0014850216343556565,0.002895933616841562,0.002895933616841562,0.002895933616841562
58,,,,0.0002072151841891296,0.0002072151841891296,0.0002072151841891296,0.001454873913243868,0.001454873913243868,0.001454873913243868,0.002817883336146751,0.002817883336146751,0.002817883336146751
59,,,,0.0001890500469801322,0.0001890500469801322,0.0001890500469801322,0.0014660079282492414,0.0014660079282492414,0.0014660079282492414,0.0027530805750610398,0.0027530805750610398,0.0027530805750610398
60,,,,0.0001550368945494524,0.0001550368945494524,0.0001550368945494524,0.001432670579757842,0.001432670579757842,0.001432670579757842,0.0026845219798400932,0.0026845219798400932,0.0026845219798400932
61,,,,0.00014548682067138971,0.00014548682067138971,0.00014548682067138971,0.0014700284795215563,0.0014700284795215563,0.0014700284795215563,0.00262295119095485,0.00262295119095485,0.00262295119095485
62,,,,0.00014048853653243518,0.00014048853653243518,0.00014048853653243518,0.00119534491521731,0.00119534491521731,0.00119534491521731,0.002565488685626788,0.002565488685626788,0.002565488685626788
63,,,,0.00014747538368410607,0.00014747538368410607,0.00014747538368410607,0.0012508450900613887,0.0012508450900613887,0.0012508450900613887,0.002511146623228833,0.002511146623228833,0.002511146623228833
64,,,,0.00014977616387231525,0.00014977616387231525,0.00014977616387231525,0.0011349298423667775,0.0011349298423667775,0.0011349298423667775,0.00244887990212295,0.00244887990212295,0.00244887990212295
65,,,,0.00013213293014548134,0.00013213293014548134,0.00013213293014548134,0.0010844124361466354,0.0010844124361466354,0.0010844124361466354,0.0024102535776476678,0.0024102535776476678,0.0024102535776476678
66,,,,0.0001304152792678311,0.0001304152792678311,0.0001304152792678311,0.0008900611731047249,0.0008900611731047249,0.0008900611731047249,0.002365338573085867,0.002365338573085867,0.002365338573085867
67,,,,0.000140491463748325,0.000140491463748325,0.000140491463748325,0.000602198742917472,0.000602198742917472,0.000602198742917472,0.002312660299899519,0.002312660299899519,0.002312660299899519
68,,,,0.00015107012620048846,0.00015107012620048846,0.00015107012620048846,0.0006023887587766097,0.0006023887587766097,0.0006023887587766097,0.0022774330328186538,0.0022774330328186538,0.0022774330328186538
69,,,,0.00014240002108220615,0.00014240002108220615,0.00014240002108220615,0.0006417295937911586,0.0006417295937911586,0.0006417295937911586,0.002228036218107976,0.002228036218107976,0.002228036218107976
70,,,,0.00013647272066435095,0.00013647272066435095,0.00013647272066435095,0.0006443098400810734,0.0006443098400810734,0.0006443098400810734,0.0022031434655923267,0.0022031434655923267,0.0022031434655923267
71,,,,0.0001331351883371921,0.0001331351883371921,0.0001331351883371921,0.0005113675847778751,0.0005113675847778751,0.0005113675847778751,0.002165090969942291,0.002165090969942291,0.002165090969942291
72,,,,0.00013484227967987738,0.00013484227967987738,0.00013484227967987738,0.0004723906839847154,0.0004723906839847154,0.0004723906839847154,0.00213530029935498,0.00213530029935498,0.00213530029935498
73,,,,0.0001402719791526141,0.0001402719791526141,0.0001402719791526141,0.0004927634829851469,0.0004927634829851469,0.0004927634829851469,0.0020925963626260563,0.0020925963626260563,0.0020925963626260563
74,,,,0.00014389338584000055,0.00014389338584000055,0.00014389338584000055,0.00041881813546857397,0.00041881813546857397,0.00041881813546857397,0.0020582953033879007,0.0020582953033879007,0.0020582953033879007
75,,,,0.00014870029843454843,0.00014870029843454843,0.00014870029843454843,0.0004144081965073939,0.0004144081965073939,0.0004144081965073939,0.002035145534897249,0.002035145534897249,0.002035145534897249
76,,,,0.0001537581619722977,0.0001537581619722977,0.0001537581619722977,0.00039005066626644763,0.00039005066626644763,0.00039005066626644763,0.0020043296847540213,0.0020043296847540213,0.0020043296847540213
77,,,,0.0001346538827658223,0.0001346538827658223,0.0001346538827658223,0.0003783858920390488,0.0003783858920390488,0.0003783858920390488,0.0019760936080388102,0.0019760936080388102,0.0019760936080388102
78,,,,0.00012278585748879702,0.00012278585748879702,0.00012278585748879702,0.0003756545157560699,0.0003756545157560699,0.0003756545157560699,0.001955265267056379,0.001955265267056379,0.001955265267056379
79,,,,0.00011376697446235978,0.00011376697446235978,0.00011376697446235978,0.0003254199695566512,0.0003254199695566512,0.0003254199695566512,0.0019331185228556758,0.0019331185228556758,0.0019331185228556758
80,,,,0.00011561028025958076,0.00011561028025958076,0.00011561028025958076,0.00031309472946619636,0.00031309472946619636,0.00031309472946619636,0.0019146126781868589,0.0019146126781868589,0.0019146126781868589
81,,,,0.0001140503584171461,0.0001140503584171461,0.0001140503584171461,0.00028754969382644444,0.00028754969382644444,0.00028754969382644444,0.0018976400855246337,0.0018976400855246337,0.0018976400855246337
82,,,,0.00010254582025245754,0.00010254582025245754,0.00010254582025245754,0.0002784333199724588,0.0002784333199724588,0.0002784333199724588,0.0018681893926131036,0.0018681893926131036,0.0018681893926131036
83,,,,9.531178433148788e-05,9.531178433148788e-05,9.531178433148788e-05,0.0002820014879321122,0.0002820014879321122,0.0002820014879321122,0.0018588044954259398,0.0018588044954259398,0.0018588044954259398
84,,,,,,,0.00024789637571038983,0.00024789637571038983,0.00024789637571038983,0.0018298567616276298,0.0018298567616276298,0.0018298567616276298
85,,,,,,,0.0002812058668211278,0.0002812058668211278,0.0002812058668211278,0.0018024468076512624,0.0018024468076512624,0.0018024468076512624
86,,,,,,,0.00028961212773303055,0.00028961212773303055,0.00028961212773303055,0.0017821855022521372,0.0017821855022521372,0.0017821855022521372
87,,,,,,,0.00023901706104233086,0.00023901706104233086,0.00023901706104233086,0.0017699699538268078,0.0017699699538268078,0.0017699699538268078
88,,,,,,,0.0001793597049555405,0.0001793597049555405,0.0001793597049555405,0.001749300329526021,0.001749300329526021,0.001749300329526021
89,,,,,,,0.00019739065736896572,0.00019739065736896572,0.00019739065736896572,0.0017392610873656266,0.0017392610873656266,0.0017392610873656266
90,,,,,,,0.00020205111424485226,0.00020205111424485226,0.00020205111424485226,0.001712409638679511,0.001712409638679511,0.001712409638679511
91,,,,,,,0.00020657435043596711,0.00020657435043596711,0.00020657435043596711,0.001690359600860084,0.001690359600860084,0.001690359600860084
92,,,,,,,0.00021430436049264402,0.00021430436049264402,0.00021430436049264402,0.0016764970586087367,0.0016764970586087367,0.0016764970586087367
93,,,,,,,0.00020057556526467666,0.00020057556526467666,0.00020057556526467666,0.0016646048853898195,0.0016646048853898195,0.0016646048853898195
94,,,,,,,0.0001969725347163889,0.0001969725347163889,0.0001969725347163889,0.001657882495797477,0.001657882495797477,0.001657882495797477
95,,,,,,,0.0001506069336736241,0.0001506069336736241,0.0001506069336736241,0.0016410259299729506,0.0016410259299729506,0.0016410259299729506
96,,,,,,,0.00014472866577813152,0.00014472866577813152,0.00014472866577813152,0.0016272695359562978,0.0016272695359562978,0.0016272695359562978
97,,,,,,,0.0001476394058908511,0.0001476394058908511,0.0001476394058908511,0.0016082242298371846,0.0016082242298371846,0.0016082242298371846
98,,,,,,,0.00014670199012767893,0.00014670199012767893,0.00014670199012767893,0.001595905179068226,0.001595905179068226,0.001595905179068226
99,,,,,,,0.0001606823871590096,0.0001606823871590096,0.0001606823871590096,0.0015827178009543339,0.0015827178009543339,0.0015827178009543339
100,,,,,,,0.00010163576686817153,0.00010163576686817153,0.00010163576686817153,0.0015783544939077952,0.0015783544939077952,0.0015783544939077952
101,,,,,,,0.00010594608548885791,0.00010594608548885791,0.00010594608548885791,0.0015609245315211507,0.0015609245315211507,0.0015609245315211507
102,,,,,,,0.00010317217339846217,0.00010317217339846217,0.00010317217339846217,0.0015437492202521588,0.0015437492202521588,0.0015437492202521588
103,,,,,,,0.00011474687338083681,0.00011474687338083681,0.00011474687338083681,0.0015313836916459142,0.0015313836916459142,0.0015313836916459142
104,,,,,,,0.00010086978285054878,0.00010086978285054878,0.00010086978285054878,0.001522518841003066,0.001522518841003066,0.001522518841003066
105,,,,,,,9.514395168346613e-05,9.514395168346613e-05,9.514395168346613e-05,0.0015123921789879345,0.0015123921789879345,0.0015123921789879345
106,,,,,,,,,,0.0015021064125322584,0.0015021064125322584,0.0015021064125322584
107,,,,,,,,,,0.00148304843771707,0.00148304843771707,0.00148304843771707
108,,,,,,,,,,0.001466492151048976,0.001466492151048976,0.001466492151048976
109,,,,,,,,,,0.0014558073598236135,0.0014558073598236135,0.0014558073598236135
110,,,,,,,,,,0.001445222705117472,0.001445222705117472,0.001445222705117472
111,,,,,,,,,,0.001429350157213681,0.001429350157213681,0.001429350157213681
112,,,,,,,,,,0.0014154734221464443,0.0014154734221464443,0.0014154734221464443
113,,,,,,,,,,0.00141139179573827,0.00141139179573827,0.00141139179573827
114,,,,,,,,,,0.0014039564534818246,0.0014039564534818246,0.0014039564534818246
115,,,,,,,,,,0.001399297655293074,0.001399297655293074,0.001399297655293074
116,,,,,,,,,,0.0013852409693988117,0.0013852409693988117,0.0013852409693988117
117,,,,,,,,,,0.001377313842665615,0.001377313842665615,0.001377313842665615
118,,,,,,,,,,0.0013661375582573185,0.0013661375582573185,0.0013661375582573185
119,,,,,,,,,,0.0013535347261213345,0.0013535347261213345,0.0013535347261213345
120,,,,,,,,,,0.0013505723227026263,0.0013505723227026263,0.0013505723227026263
121,,,,,,,,,,0.0013445517819357215,0.0013445517819357215,0.0013445517819357215
122,,,,,,,,,,0.0013313920406055472,0.0013313920406055472,0.0013313920406055472
123,,,,,,,,,,0.0013242036877150528,0.0013242036877150528,0.0013242036877150528
124,,,,,,,,,,0.001311464687224745,0.001311464687224745,0.001311464687224745
125,,,,,,,,,,0.001299424255069841,0.001299424255069841,0.001299424255069841
126,,,,,,,,,,0.0012919447553448845,0.0012919447553448845,0.0012919447553448845
127,,,,,,,,,,0.001287057597992904,0.001287057597992904,0.001287057597992904
128,,,,,,,,,,0.0012741378177547995,0.0012741378177547995,0.0012741378177547995
129,,,,,,,,,,0.0012713427015628425,0.0012713427015628425,0.0012713427015628425
130,,,,,,,,,,0.0012619354429072552,0.0012619354429072552,0.0012619354429072552
131,,,,,,,,,,0.0012536033548314362,0.0012536033548314362,0.0012536033548314362
132,,,,,,,,,,0.0012501629316543604,0.0012501629316543604,0.0012501629316543604
133,,,,,,,,,,0.0012424904727848741,0.0012424904727848741,0.0012424904727848741
134,,,,,,,,,,0.0012315201172867947,0.0012315201172867947,0.0012315201172867947
135,,,,,,,,,,0.0012266110071311549,0.0012266110071311549,0.0012266110071311549
136,,,,,,,,,,0.0012141958173207794,0.0012141958173207794,0.0012141958173207794
137,,,,,,,,,,0.0012124702712482038,0.0012124702712482038,0.0012124702712482038
138,,,,,,,,,,0.0012076706207279377,0.0012076706207279377,0.0012076706207279377
139,,,,,,,,,,0.0011926765767429164,0.0011926765767429164,0.0011926765767429164
140,,,,,,,,,,0.001187123567753831,0.001187123567753831,0.001187123567753831
141,,,,,,,,,,0.0011762136155681494,0.0011762136155681494,0.0011762136155681494
142,,,,,,,,,,0.0011717794230160414,0.0011717794230160414,0.0011717794230160414
143,,,,,,,,,,0.001166273309859848,0.001166273309859848,0.001166273309859848
144,,,,,,,,,,0.0011548459155898158,0.0011548459155898158,0.0011548459155898158
145,,,,,,,,,,0.0011482178186733346,0.0011482178186733346,0.0011482178186733346
146,,,,,,,,,,0.001142018524503138,0.001142018524503138,0.001142018524503138
147,,,,,,,,,,0.0011352204250243104,0.0011352204250243104,0.0011352204250243104
148,,,,,,,,,,0.0011263992053354571,0.0011263992053354571,0.0011263992053354571
149,,,,,,,,,,0.0011170301125601443,0.0011170301125601443,0.0011170301125601443
150,,,,,,,,,,0.0011127148778340727,0.0011127148778340727,0.0011127148778340727
151,,,,,,,,,,0.0011061314323883788,0.0011061314323883788,0.0011061314323883788
152,,,,,,,,,,0.001102480261130837,0.001102480261130837,0.001102480261130837
153,,,,,,,,,,0.0010958628583945032,0.0010958628583945032,0.0010958628583945032
154,,,,,,,,,,0.0010939007351750867,0.0010939007351750867,0.0010939007351750867
155,,,,,,,,,,0.0010859316465721186,0.0010859316465721186,0.0010859316465721186
156,,,,,,,,,,0.0010793097412367678,0.0010793097412367678,0.0010793097412367678
157,,,,,,,,,,0.0010705421803995701,0.0010705421803995701,0.0010705421803995701
158,,,,,,,,,,0.0010702513924592293,0.0010702513924592293,0.0010702513924592293
159,,,,,,,,,,0.0010621460904414921,0.0010621460904414921,0.0010621460904414921
160,,,,,,,,,,0.001057122834687495,0.001057122834687495,0.001057122834687495
161,,,,,,,,,,0.001048026344809742,0.001048026344809742,0.001048026344809742
162,,,,,,,,,,0.001046368660924181,0.001046368660924181,0.001046368660924181
163,,,,,,,,,,0.001037450454463949,0.001037450454463949,0.001037450454463949
164,,,,,,,,,,0.001030808200537417,0.001030808200537417,0.001030808200537417
165,,,,,,,,,,0.001033704427423678,0.001033704427423678,0.001033704427423678
166,,,,,,,,,,0.0010204809561676544,0.0010204809561676544,0.0010204809561676544
167,,,,,,,,,,0.0010116306384251185,0.0010116306384251185,0.0010116306384251185
168,,,,,,,,,,0.001010041320439392,0.001010041320439392,0.001010041320439392
169,,,,,,,,,,0.0010071045840515805,0.0010071045840515805,0.0010071045840515805
170,,,,,,,,,,0.0009978095037278555,0.0009978095037278555,0.0009978095037278555
171,,,,,,,,,,0.0009941217135050642,0.0009941217135050642,0.0009941217135050642
172,,,,,,,,,,0.0009910557202736908,0.0009910557202736908,0.0009910557202736908
173,,,,,,,,,,0.0009868517129071937,0.0009868517129071937,0.0009868517129071937
174,,,,,,,,,,0.0009857737937757304,0.0009857737937757304,0.0009857737937757304
175,,,,,,,,,,0.0009782743889574525,0.0009782743889574525,0.0009782743889574525
176,,,,,,,,,,0.0009709035108409606,0.0009709035108409606,0.0009709035108409606
177,,,,,,,,,,0.0009671495824153493,0.0009671495824153493,0.0009671495824153493
178,,,,,,,,,,0.0009642447787282812,0.0009642447787282812,0.0009642447787282812
179,,,,,,,,,,0.0009606058315746238,0.0009606058315746238,0.0009606058315746238
180,,,,,,,,,,0.0009582217996388184,0.0009582217996388184,0.0009582217996388184
181,,,,,,,,,,0.0009509838886065247,0.0009509838886065247,0.0009509838886065247
182,,,,,,,,,,0.0009456382648658193,0.0009456382648658193,0.0009456382648658193
183,,,,,,,,,,0.0009438485935595355,0.0009438485935595355,0.0009438485935595355
184,,,,,,,,,,0.0009377614246698098,0.0009377614246698098,0.0009377614246698098
185,,,,,,,,,,0.0009363491867072639,0.0009363491867072639,0.0009363491867072639
186,,,,,,,,,,0.0009322103020526864,0.0009322103020526864,0.0009322103020526864
187,,,,,,,,,,0.0009280239390589611,0.0009280239390589611,0.0009280239390589611
188,,,,,,,,,,0.0009188368931480362,0.0009188368931480362,0.0009188368931480362
189,,,,,,,,,,0.0009157547614025373,0.0009157547614025373,0.0009157547614025373
190,,,,,,,,,,0.000912504580206129,0.000912504580206129,0.000912504580206129
191,,,,,,,,,,0.0009073457629094342,0.0009073457629094342,0.0009073457629094342
192,,,,,,,,,,0.0009054143262802386,0.0009054143262802386,0.0009054143262802386
193,,,,,,,,,,0.000904650794993607,0.000904650794993607,0.000904650794993607
194,,,,,,,,,,0.0009063687513603455,0.0009063687513603455,0.0009063687513603455
195,,,,,,,,,,0.0008993208231048954,0.0008993208231048954,0.0008993208231048954
196,,,,,,,,,,0.0008961343241593996,0.0008961343241593996,0.0008961343241593996
197,,,,,,,,,,0.0008946884837794921,0.0008946884837794921,0.0008946884837794921
198,,,,,,,,,,0.0008885914506147008,0.0008885914506147008,0.0008885914506147008
199,,,,,,,,,,0.0008848967707798255,0.0008848967707798255,0.0008848967707798255
200,,,,,,,,,,0.0008791702261848946,0.0008791702261848946,0.0008791702261848946
201,,,,,,,,,,0.0008778749064753514,0.0008778749064753514,0.0008778749064753514
202,,,,,,,,,,0.0008734057760277022,0.0008734057760277022,0.0008734057760277022
203,,,,,,,,,,0.0008674976603671017,0.0008674976603671017,0.0008674976603671017
204,,,,,,,,,,0.0008709435776223029,0.0008709435776223029,0.0008709435776223029
205,,,,,,,,,,0.0008708560019681444,0.0008708560019681444,0.0008708560019681444
206,,,,,,,,,,0.0008660457582512132,0.0008660457582512132,0.0008660457582512132
207,,,,,,,,,,0.0008603293645792333,0.0008603293645792333,0.0008603293645792333
208,,,,,,,,,,0.0008573343358409853,0.0008573343358409853,0.0008573343358409853
209,,,,,,,,,,0.0008528957342304656,0.0008528957342304656,0.0008528957342304656
210,,,,,,,,,,0.0008474129284951733,0.0008474129284951733,0.0008474129284951733
211,,,,,,,,,,0.0008421717750276212,0.0008421717750276212,0.0008421717750276212
212,,,,,,,,,,0.000835838565955088,0.000835838565955088,0.000835838565955088
213,,,,,,,,,,0.0008282302972937504,0.0008282302972937504,0.0008282302972937504
214,,,,,,,,,,0.0008182838067398313,0.0008182838067398313,0.0008182838067398313
215,,,,,,,,,,0.0008116444787374826,0.0008116444787374826,0.0008116444787374826
216,,,,,,,,,,0.0008098314004416954,0.0008098314004416954,0.0008098314004416954
217,,,,,,,,,,0.000808620001140198,0.000808620001140198,0.000808620001140198
218,,,,,,,,,,0.0008046116789057166,0.0008046116789057166,0.0008046116789057166
219,,,,,,,,,,0.0007976641222801464,0.0007976641222801464,0.0007976641222801464
220,,,,,,,,,,0.0007917330721822945,0.0007917330721822945,0.0007917330721822945
221,,,,,,,,,,0.0007890666162203788,0.0007890666162203788,0.0007890666162203788
222,,,,,,,,,,0.0007824267356871915,0.0007824267356871915,0.0007824267356871915
223,,,,,,,,,,0.0007750189630157129,0.0007750189630157129,0.0007750189630157129
224,,,,,,,,,,0.0007708522308185384,0.0007708522308185384,0.0007708522308185384
225,,,,,,,,,,0.0007659427450758195,0.0007659427450758195,0.0007659427450758195
226,,,,,,,,,,0.0007580069131037132,0.0007580069131037132,0.0007580069131037132
227,,,,,,,,,,0.0007566261274862416,0.0007566261274862416,0.0007566261274862416
228,,,,,,,,,,0.0007491212024013721,0.0007491212024013721,0.0007491212024013721
229,,,,,,,,,,0.0007407843794589287,0.0007407843794589287,0.0007407843794589287
230,,,,,,,,,,0.0007368818074664692,0.0007368818074664692,0.0007368818074664692
231,,,,,,,,,,0.0007328316127795856,0.0007328316127795856,0.0007328316127795856
232,,,,,,,,,,0.0007262300958311736,0.0007262300958311736,0.0007262300958311736
233,,,,,,,,,,0.0007211198472506456,0.0007211198472506456,0.0007211198472506456
234,,,,,,,,,,0.0007162262767069105,0.0007162262767069105,0.0007162262767069105
235,,,,,,,,,,0.0007125202531628165,0.0007125202531628165,0.0007125202531628165
236,,,,,,,,,,0.0007040866675112,0.0007040866675112,0.0007040866675112
237,,,,,,,,,,0.0006980523376661209,0.0006980523376661209,0.0006980523376661209
238,,,,,,,,,,0.0006956764917868326,0.0006956764917868326,0.0006956764917868326
239,,,,,,,,,,0.0006884464642076868,0.0006884464642076868,0.0006884464642076868
240,,,,,,,,,,0.0006846435646501966,0.0006846435646501966,0.0006846435646501966
241,,,,,,,,,,0.0006786471486093371,0.0006786471486093371,0.0006786471486093371
242,,,,,,,,,,0.0006706083392423082,0.0006706083392423082,0.0006706083392423082
243,,,,,,,,,,0.0006686689478467915,0.0006686689478467915,0.0006686689478467915
244,,,,,,,,,,0.0006601738730366081,0.0006601738730366081,0.0006601738730366081
245,,,,,,,,,,0.0006574561161945669,0.0006574561161945669,0.0006574561161945669
246,,,,,,,,,,0.0006522765297549217,0.0006522765297549217,0.0006522765297549217
247,,,,,,,,,,0.0006488040069531901,0.0006488040069531901,0.0006488040069531901
248,,,,,,,,,,0.0006430368475946203,0.0006430368475946203,0.0006430368475946203
249,,,,,,,,,,0.0006353149803098049,0.0006353149803098049,0.0006353149803098049
250,,,,,,,,,,0.000632896645478722,0.000632896645478722,0.000632896645478722
251,,,,,,,,,,0.0006292505734762394,0.0006292505734762394,0.0006292505734762394
252,,,,,,,,,,0.0006220776343824431,0.0006220776343824431,0.0006220776343824431
253,,,,,,,,,,0.0006167962121217661,0.0006167962121217661,0.0006167962121217661
254,,,,,,,,,,0.0006163909072964224,0.0006163909072964224,0.0006163909072964224
255,,,,,,,,,,0.00060935952093433,0.00060935952093433,0.00060935952093433
256,,,,,,,,,,0.00059983350249083,0.00059983350249083,0.00059983350249083
257,,,,,,,,,,0.0005967185970631717,0.0005967185970631717,0.0005967185970631717
258,,,,,,,,,,0.0005938330296381349,0.0005938330296381349,0.0005938330296381349
259,,,,,,,,,,0.0005864901795956031,0.0005864901795956031,0.0005864901795956031
260,,,,,,,,,,0.000581413641358759,0.000581413641358759,0.000581413641358759
261,,,,,,,,,,0.0005766005593126742,0.0005766005593126742,0.0005766005593126742
262,,,,,,,,,,0.0005709065190795225,0.0005709065190795225,0.0005709065190795225
263,,,,,,,,,,0.0005687980598805898,0.0005687980598805898,0.0005687980598805898
264,,,,,,,,,,0.0005623768162999835,0.0005623768162999835,0.0005623768162999835
265,,,,,,,,,,0.0005599546372588958,0.0005599546372588958,0.0005599546372588958
266,,,,,,,,,,0.0005558724832285442,0.0005558724832285442,0.0005558724832285442
267,,,,,,,,,,0.0005541900175958341,0.0005541900175958341,0.0005541900175958341
268,,,,,,,,,,0.0005501592367540597,0.0005501592367540597,0.0005501592367540597
269,,,,,,,,,,0.0005458438053321602,0.0005458438053321602,0.0005458438053321602
270,,,,,,,,,,0.0005423203769258322,0.0005423203769258322,0.0005423203769258322
271,,,,,,,,,,0.0005402623981748688,0.0005402623981748688,0.0005402623981748688
272,,,,,,,,,,0.0005339528038675501,0.0005339528038675501,0.0005339528038675501
273,,,,,,,,,,0.0005287113148408072,0.0005287113148408072,0.0005287113148408072
274,,,,,,,,,,0.0005268595329400695,0.0005268595329400695,0.0005268595329400695
275,,,,,,,,,,0.0005222197478716588,0.0005222197478716588,0.0005222197478716588
276,,,,,,,,,,0.0005166985502157839,0.0005166985502157839,0.0005166985502157839
277,,,,,,,,,,0.0005090043455869838,0.0005090043455869838,0.0005090043455869838
278,,,,,,,,,,0.0005056799566838571,0.0005056799566838571,0.0005056799566838571
279,,,,,,,,,,0.0005032677064338674,0.0005032677064338674,0.0005032677064338674
280,,,,,,,,,,0.0004978083611433079,0.0004978083611433079,0.0004978083611433079
281,,,,,,,,,,0.0004970644744477809,0.0004970644744477809,0.0004970644744477809
282,,,,,,,,,,0.0004936720385301629,0.0004936720385301629,0.0004936720385301629
283,,,,,,,,,,0.0004883372117011736,0.0004883372117011736,0.0004883372117011736
284,,,,,,,,,,0.0004858203940664281,0.0004858203940664281,0.0004858203940664281
285,,,,,,,,,,0.00048015429472967404,0.00048015429472967404,0.00048015429472967404
286,,,,,,,,,,0.0004785369965734333,0.0004785369965734333,0.0004785369965734333
287,,,,,,,,,,0.00047392183682702557,0.00047392183682702557,0.00047392183682702557
288,,,,,,,,,,0.00047188449212934183,0.00047188449212934183,0.00047188449212934183
289,,,,,,,,,,0.0004683226135452705,0.0004683226135452705,0.0004683226135452705
290,,,,,,,,,,0.0004637053628025331,0.0004637053628025331,0.0004637053628025331
291,,,,,,,,,,0.0004584875252084631,0.0004584875252084631,0.0004584875252084631
292,,,,,,,,,,0.00045521642968539337,0.00045521642968539337,0.00045521642968539337
293,,,,,,,,,,0.00045252453348188453,0.00045252453348188453,0.00045252453348188453
294,,,,,,,,,,0.0004479395283697562,0.0004479395283697562,0.0004479395283697562
295,,,,,,,,,,0.00044394787972384817,0.00044394787972384817,0.00044394787972384817
296,,,,,,,,,,0.00044260654282717027,0.00044260654282717027,0.00044260654282717027
297,,,,,,,,,,0.0004394160983702754,0.0004394160983702754,0.0004394160983702754
298,,,,,,,,,,0.0004371938078878771,0.0004371938078878771,0.0004371938078878771
299,,,,,,,,,,0.00042960495597291036,0.00042960495597291036,0.00042960495597291036
300,,,,,,,,,,0.0004255458133005519,0.0004255458133005519,0.0004255458133005519
301,,,,,,,,,,0.00042561384906399514,0.00042561384906399514,0.00042561384906399514
302,,,,,,,,,,0.0004231986970758801,0.0004231986970758801,0.0004231986970758801
303,,,,,,,,,,0.000419876878059087,0.000419876878059087,0.000419876878059087
304,,,,,,,,,,0.00041658841949447655,0.00041658841949447655,0.00041658841949447655
305,,,,,,,,,,0.0004137628826991629,0.0004137628826991629,0.0004137628826991629
306,,,,,,,,,,0.00041022420362450305,0.00041022420362450305,0.00041022420362450305
307,,,,,,,,,,0.0004070697644529671,0.0004070697644529671,0.0004070697644529671
308,,,,,,,,,,0.00040391881556855796,0.00040391881556855796,0.00040391881556855796
309,,,,,,,,,,0.00040128453195681206,0.00040128453195681206,0.00040128453195681206
310,,,,,,,,,,0.000397946927812605,0.000397946927812605,0.000397946927812605
311,,,,,,,,,,0.00039579318585009727,0.00039579318585009727,0.00039579318585009727
312,,,,,,,,,,0.00039366446204140904,0.00039366446204140904,0.00039366446204140904
313,,,,,,,,,,0.0003896178873566592,0.0003896178873566592,0.0003896178873566592
314,,,,,,,,,,0.000389266794621915,0.000389266794621915,0.000389266794621915
315,,,,,,,,,,0.00038705453841798425,0.00038705453841798425,0.00038705453841798425
316,,,,,,,,,,0.00038308661463348293,0.00038308661463348293,0.00038308661463348293
317,,,,,,,,,,0.00037990187224543927,0.00037990187224543927,0.00037990187224543927
318,,,,,,,,,,0.0003784560697530712,0.0003784560697530712,0.0003784560697530712
319,,,,,,,,,,0.0003752310505686405,0.0003752310505686405,0.0003752310505686405
320,,,,,,,,,,0.0003713213425402414,0.0003713213425402414,0.0003713213425402414
321,,,,,,,,,,0.0003700148752780749,0.0003700148752780749,0.0003700148752780749
322,,,,,,,,,,0.0003670092067443303,0.0003670092067443303,0.0003670092067443303
323,,,,,,,,,,0.00036438170073810095,0.00036438170073810095,0.00036438170073810095
324,,,,,,,,,,0.00036355227661311176,0.00036355227661311176,0.00036355227661311176
325,,,,,,,,,,0.00036099836097290095,0.00036099836097290095,0.00036099836097290095
326,,,,,,,,,,0.00035864266778207313,0.00035864266778207313,0.00035864266778207313
327,,,,,,,,,,0.00035496690334923744,0.00035496690334923744,0.00035496690334923744
328,,,,,,,,,,0.0003548510310522959,0.0003548510310522959,0.0003548510310522959
329,,,,,,,,,,0.00035361828088538476,0.00035361828088538476,0.00035361828088538476
330,,,,,,,,,,0.0003518389332602917,0.0003518389332602917,0.0003518389332602917
331,,,,,,,,,,0.0003477246424066221,0.0003477246424066221,0.0003477246424066221
332,,,,,,,,,,0.00034626966964407106,0.00034626966964407106,0.00034626966964407106
333,,,,,,,,,,0.00034204645915572953,0.00034204645915572953,0.00034204645915572953
334,,,,,,,,,,0.00033980074679350043,0.00033980074679350043,0.00033980074679350043
335,,,,,,,,,,0.0003375301133688608,0.0003375301133688608,0.0003375301133688608
336,,,,,,,,,,0.0003373132239285376,0.0003373132239285376,0.0003373132239285376
337,,,,,,,,,,0.00033404208366473974,0.00033404208366473974,0.00033404208366473974
338,,,,,,,,,,0.00033097679584853114,0.00033097679584853114,0.00033097679584853114
339,,,,,,,,,,0.0003295754625220338,0.0003295754625220338,0.0003295754625220338
340,,,,,,,,,,0.0003283342895552408,0.0003283342895552408,0.0003283342895552408
341,,,,,,,,,,0.00032637770112767635,0.00032637770112767635,0.00032637770112767635
342,,,,,,,,,,0.0003237487151951446,0.0003237487151951446,0.0003237487151951446
343,,,,,,,,,,0.00032166506466157373,0.00032166506466157373,0.00032166506466157373
344,,,,,,,,,,0.00031912721505961215,0.00031912721505961215,0.00031912721505961215
345,,,,,,,,,,0.0003170091049327988,0.0003170091049327988,0.0003170091049327988
346,,,,,,,,,,0.0003149339581342031,0.0003149339581342031,0.0003149339581342031
347,,,,,,,,,,0.0003130331381932562,0.0003130331381932562,0.0003130331381932562
348,,,,,,,,,,0.0003112370382834879,0.0003112370382834879,0.0003112370382834879
349,,,,,,,,,,0.00030853188602080725,0.00030853188602080725,0.00030853188602080725
350,,,,,,,,,,0.0003070116369324865,0.0003070116369324865,0.0003070116369324865
351,,,,,,,,,,0.0003047456425251404,0.0003047456425251404,0.0003047456425251404
352,,,,,,,,,,0.0003018368887128882,0.0003018368887128882,0.0003018368887128882
353,,,,,,,,,,0.00030006031425446967,0.00030006031425446967,0.00030006031425446967
354,,,,,,,,,,0.0002973880472882602,0.0002973880472882602,0.0002973880472882602
355,,,,,,,,,,0.0002967516664407595,0.0002967516664407595,0.0002967516664407595
356,,,,,,,,,,0.0002953765333667785,0.0002953765333667785,0.0002953765333667785
357,,,,,,,,,,0.0002924386103084606,0.0002924386103084606,0.0002924386103084606
358,,,,,,,,,,0.00029243937731271116,0.00029243937731271116,0.00029243937731271116
359,,,,,,,,,,0.00028918094636155286,0.00028918094636155286,0.00028918094636155286
360,,,,,,,,,,0.0002890025500494732,0.0002890025500494732,0.0002890025500494732
361,,,,,,,,,,0.00028684663941190065,0.00028684663941190065,0.00028684663941190065
362,,,,,,,,,,0.0002848549477719145,0.0002848549477719145,0.0002848549477719145
363,,,,,,,,,,0.00028431304727996094,0.00028431304727996094,0.00028431304727996094
364,,,,,,,,,,0.0002819083345100114,0.0002819083345100114,0.0002819083345100114
365,,,,,,,,,,0.0002771479754421504,0.0002771479754421504,0.0002771479754421504
366,,,,,,,,,,0.0002765392524823008,0.0002765392524823008,0.0002765392524823008
367,,,,,,,,,,0.0002761574286831946,0.0002761574286831946,0.0002761574286831946
368,,,,,,,,,,0.0002753274419414315,0.0002753274419414315,0.0002753274419414315
369,,,,,,,,,,0.0002723654461418262,0.0002723654461418262,0.0002723654461418262
370,,,,,,,,,,0.0002700619351672362,0.0002700619351672362,0.0002700619351672362
371,,,,,,,,,,0.0002681241248723259,0.0002681241248723259,0.0002681241248723259
372,,,,,,,,,,0.00026626174759527925,0.00026626174759527925,0.00026626174759527925
373,,,,,,,,,,0.00026447778107716453,0.00026447778107716453,0.00026447778107716453
374,,,,,,,,,,0.00026402663054006574,0.00026402663054006574,0.00026402663054006574
375,,,,,,,,,,0.00026326798981241576,0.00026326798981241576,0.00026326798981241576
376,,,,,,,,,,0.00026123836691061426,0.00026123836691061426,0.00026123836691061426
377,,,,,,,,,,0.00025894606664166297,0.00025894606664166297,0.00025894606664166297
378,,,,,,,,,,0.00025720858152526396,0.00025720858152526396,0.00025720858152526396
379,,,,,,,,,,0.00025635652976885076,0.00025635652976885076,0.00025635652976885076
380,,,,,,,,,,0.0002542280941269751,0.0002542280941269751,0.0002542280941269751
381,,,,,,,,,,0.00025308385684097364,0.00025308385684097364,0.00025308385684097364
382,,,,,,,,,,0.00025206153327068486,0.00025206153327068486,0.00025206153327068486
383,,,,,,,,,,0.00025111499864634144,0.00025111499864634144,0.00025111499864634144
384,,,,,,,,,,0.0002494424654001844,0.0002494424654001844,0.0002494424654001844
385,,,,,,,,,,0.00024780439412548796,0.00024780439412548796,0.00024780439412548796
386,,,,,,,,,,0.0002462388641724626,0.0002462388641724626,0.0002462388641724626
387,,,,,,,,,,0.00024538332129230185,0.00024538332129230185,0.00024538332129230185
388,,,,,,,,,,0.00024326750168157492,0.00024326750168157492,0.00024326750168157492
389,,,,,,,,,,0.00024111871179799215,0.00024111871179799215,0.00024111871179799215
390,,,,,,,,,,0.00023988393930467173,0.00023988393930467173,0.00023988393930467173
391,,,,,,,,,,0.00023933351900372175,0.00023933351900372175,0.00023933351900372175
392,,,,,,,,,,0.00023778213534303972,0.00023778213534303972,0.00023778213534303972
393,,,,,,,,,,0.0002357972930879326,0.0002357972930879326,0.0002357972930879326
394,,,,,,,,,,0.00023523151111840004,0.00023523151111840004,0.00023523151111840004
395,,,,,,,,,,0.00023414126979443245,0.00023414126979443245,0.00023414126979443245
396,,,,,,,,,,0.00023153516741200301,0.00023153516741200301,0.00023153516741200301
397,,,,,,,,,,0.0002305336673548922,0.0002305336673548922,0.0002305336673548922
398,,,,,,,,,,0.00023091483563891007,0.00023091483563891007,0.00023091483563891007
399,,,,,,,,,,0.0002292138004364881,0.0002292138004364881,0.0002292138004364881
400,,,,,,,,,,0.00022738469110104915,0.00022738469110104915,0.00022738469110104915
401,,,,,,,,,,0.00022639896042106903,0.00022639896042106903,0.00022639896042106903
402,,,,,,,,,,0.00022379692318473353,0.00022379692318473353,0.00022379692318473353
403,,,,,,,,,,0.00022240834824089633,0.00022240834824089633,0.00022240834824089633
404,,,,,,,,,,0.00022126671194252473,0.00022126671194252473,0.00022126671194252473
405,,,,,,,,,,0.00021970591753391275,0.00021970591753391275,0.00021970591753391275
406,,,,,,,,,,0.0002187853016498296,0.0002187853016498296,0.0002187853016498296
407,,,,,,,,,,0.00021800461694072626,0.00021800461694072626,0.00021800461694072626
408,,,,,,,,,,0.0002174033651511386,0.0002174033651511386,0.0002174033651511386
409,,,,,,,,,,0.00021607675747934126,0.00021607675747934126,0.00021607675747934126
410,,,,,,,,,,0.00021378710465681526,0.00021378710465681526,0.00021378710465681526
411,,,,,,,,,,0.00021339190293465974,0.00021339190293465974,0.00021339190293465974
412,,,,,,,,,,0.0002113618356595795,0.0002113618356595795,0.0002113618356595795
413,,,,,,,,,,0.00021057445897333248,0.00021057445897333248,0.00021057445897333248
414,,,,,,,,,,0.0002099087219418238,0.0002099087219418238,0.0002099087219418238
415,,,,,,,,,,0.0002075671431787971,0.0002075671431787971,0.0002075671431787971
416,,,,,,,,,,0.00020542096610196787,0.00020542096610196787,0.00020542096610196787
417,,,,,,,,,,0.00020456275087205408,0.00020456275087205408,0.00020456275087205408
418,,,,,,,,,,0.00020472462519897927,0.00020472462519897927,0.00020472462519897927
419,,,,,,,,,,0.0002041241360060803,0.0002041241360060803,0.0002041241360060803
420,,,,,,,,,,0.00020200737118807838,0.00020200737118807838,0.00020200737118807838
421,,,,,,,,,,0.00020081878191914693,0.00020081878191914693,0.00020081878191914693
422,,,,,,,,,,0.00020028511838567184,0.00020028511838567184,0.00020028511838567184
423,,,,,,,,,,0.00019999733659534143,0.00019999733659534143,0.00019999733659534143
424,,,,,,,,,,0.00019794971848971786,0.00019794971848971786,0.00019794971848971786
425,,,,,,,,,,0.0001972055758143267,0.0001972055758143267,0.0001972055758143267
426,,,,,,,,,,0.0001975458929810857,0.0001975458929810857,0.0001975458929810857
427,,,,,,,,,,0.0001961983170548809,0.0001961983170548809,0.0001961983170548809
428,,,,,,,,,,0.00019508608521897917,0.00019508608521897917,0.00019508608521897917
429,,,,,,,,,,0.00019407983603689954,0.00019407983603689954,0.00019407983603689954
430,,,,,,,,,,0.0001934916238232343,0.0001934916238232343,0.0001934916238232343
431,,,,,,,,,,0.00019272360425167444,0.00019272360425167444,0.00019272360425167444
432,,,,,,,,,,0.00019176402206363665,0.00019176402206363665,0.00019176402206363665
433,,,,,,,,,,0.00019033649018548984,0.00019033649018548984,0.00019033649018548984
434,,,,,,,,,,0.0001898685767971314,0.0001898685767971314,0.0001898685767971314
435,,,,,,,,,,0.0001891577076049378,0.0001891577076049378,0.0001891577076049378
436,,,,,,,,,,0.00018949032400590525,0.00018949032400590525,0.00018949032400590525
437,,,,,,,,,,0.00018748507580071037,0.00018748507580071037,0.00018748507580071037
438,,,,,,,,,,0.0001864617096966392,0.0001864617096966392,0.0001864617096966392
439,,,,,,,,,,0.0001861069448005959,0.0001861069448005959,0.0001861069448005959
440,,,,,,,,,,0.00018517266730220763,0.00018517266730220763,0.00018517266730220763
441,,,,,,,,,,0.00018484495596205375,0.00018484495596205375,0.00018484495596205375
442,,,,,,,,,,0.00018390047091418864,0.00018390047091418864,0.00018390047091418864
443,,,,,,,,,,0.00018220443336923882,0.00018220443336923882,0.00018220443336923882
444,,,,,,,,,,0.00018158270445903279,0.00018158270445903279,0.00018158270445903279
445,,,,,,,,,,0.0001804655294792362,0.0001804655294792362,0.0001804655294792362
446,,,,,,,,,,0.00017786989222054567,0.00017786989222054567,0.00017786989222054567
447,,,,,,,,,,0.00017683879890932098,0.00017683879890932098,0.00017683879890932098
448,,,,,,,,,,0.00017676016268475072,0.00017676016268475072,0.00017676016268475072
449,,,,,,,,,,0.00017584566724990306,0.00017584566724990306,0.00017584566724990306
450,,,,,,,,,,0.0001755204804666969,0.0001755204804666969,0.0001755204804666969
451,,,,,,,,,,0.00017513536946055875,0.00017513536946055875,0.00017513536946055875
452,,,,,,,,,,0.000173926940645533,0.000173926940645533,0.000173926940645533
453,,,,,,,,,,0.00017305774522003348,0.00017305774522003348,0.00017305774522003348
454,,,,,,,,,,0.0001716228730591695,0.0001716228730591695,0.0001716228730591695
455,,,,,,,,,,0.0001707806764636843,0.0001707806764636843,0.0001707806764636843
456,,,,,,,,,,0.0001699100911770146,0.0001699100911770146,0.0001699100911770146
457,,,,,,,,,,0.00017005299400109136,0.00017005299400109136,0.00017005299400109136
458,,,,,,,,,,0.00017000226552459902,0.00017000226552459902,0.00017000226552459902
459,,,,,,,,,,0.00016791401093590078,0.00016791401093590078,0.00016791401093590078
460,,,,,,,,,,0.00016691125271962978,0.00016691125271962978,0.00016691125271962978
461,,,,,,,,,,0.00016648265752379238,0.00016648265752379238,0.00016648265752379238
462,,,,,,,,,,0.000166048928074518,0.000166048928074518,0.000166048928074518
463,,,,,,,,,,0.000165025065409291,0.000165025065409291,0.000165025065409291
464,,,,,,,,,,0.00016446013721216072,0.00016446013721216072,0.00016446013721216072
465,,,,,,,,,,0.00016332153519306363,0.00016332153519306363,0.00016332153519306363
466,,,,,,,,,,0.0001620533291201508,0.0001620533291201508,0.0001620533291201508
467,,,,,,,,,,0.0001609113589023157,0.0001609113589023157,0.0001609113589023157
468,,,,,,,,,,0.00016004269521120365,0.00016004269521120365,0.00016004269521120365
469,,,,,,,,,,0.0001594836547184571,0.0001594836547184571,0.0001594836547184571
470,,,,,,,,,,0.0001586902697787623,0.0001586902697787623,0.0001586902697787623
471,,,,,,,,,,0.00015787573689874062,0.00015787573689874062,0.00015787573689874062
472,,,,,,,,,,0.00015753016136533458,0.00015753016136533458,0.00015753016136533458
473,,,,,,,,,,0.00015674575687131545,0.00015674575687131545,0.00015674575687131545
474,,,,,,,,,,0.00015596336665244062,0.00015596336665244062,0.00015596336665244062
475,,,,,,,,,,0.0001550882384546597,0.0001550882384546597,0.0001550882384546597
476,,,,,,,,,,0.0001549657636085355,0.0001549657636085355,0.0001549657636085355
477,,,,,,,,,,0.00015399965902529998,0.00015399965902529998,0.00015399965902529998
478,,,,,,,,,,0.00015348450138426013,0.00015348450138426013,0.00015348450138426013
479,,,,,,,,,,0.00015245651787493971,0.00015245651787493971,0.00015245651787493971
480,,,,,,,,,,0.00015175944189877653,0.00015175944189877653,0.00015175944189877653
481,,,,,,,,,,0.00015011098321121772,0.00015011098321121772,0.00015011098321121772
482,,,,,,,,,,0.00014902409122478723,0.00014902409122478723,0.00014902409122478723
483,,,,,,,,,,0.00014827238919678498,0.00014827238919678498,0.00014827238919678498
484,,,,,,,,,,0.00014794287306437928,0.00014794287306437928,0.00014794287306437928
485,,,,,,,,,,0.0001471976126272525,0.0001471976126272525,0.0001471976126272525
486,,,,,,,,,,0.00014650768317565517,0.00014650768317565517,0.00014650768317565517
487,,,,,,,,,,0.0001452978472101002,0.0001452978472101002,0.0001452978472101002
488,,,,,,,,,,0.00014473937911200572,0.00014473937911200572,0.00014473937911200572
489,,,,,,,,,,0.00014557316755156466,0.00014557316755156466,0.00014557316755156466
490,,,,,,,,,,0.00014527895337702865,0.00014527895337702865,0.00014527895337702865
491,,,,,,,,,,0.00014397681574449743,0.00014397681574449743,0.00014397681574449743
492,,,,,,,,,,0.00014313078203034542,0.00014313078203034542,0.00014313078203034542
493,,,,,,,,,,0.00014199105072835227,0.00014199105072835227,0.00014199105072835227
494,,,,,,,,,,0.00014111060060587995,0.00014111060060587995,0.00014111060060587995
495,,,,,,,,,,0.0001410279002258945,0.0001410279002258945,0.0001410279002258945
496,,,,,,,,,,0.00014064399493851892,0.00014064399493851892,0.00014064399493851892
497,,,,,,,,,,0.00013918830050923904,0.00013918830050923904,0.00013918830050923904
498,,,,,,,,,,0.0001380949045332558,0.0001380949045332558,0.0001380949045332558
499,,,,,,,,,,0.0001372178722585085,0.0001372178722585085,0.0001372178722585085
500,,,,,,,,,,0.0001363091599487731,0.0001363091599487731,0.0001363091599487731
501,,,,,,,,,,0.0001362437553996836,0.0001362437553996836,0.0001362437553996836
502,,,,,,,,,,0.00013683049373073802,0.00013683049373073802,0.00013683049373073802
503,,,,,,,,,,0.00013664510369316445,0.00013664510369316445,0.00013664510369316445
504,,,,,,,,,,0.0001356183155414402,0.0001356183155414402,0.0001356183155414402
505,,,,,,,,,,0.00013539198576309515,0.00013539198576309515,0.00013539198576309515
506,,,,,,,,,,0.0001346523052201762,0.0001346523052201762,0.0001346523052201762
507,,,,,,,,,,0.0001340283429780623,0.0001340283429780623,0.0001340283429780623
508,,,,,,,,,,0.00013326210063157164,0.00013326210063157164,0.00013326210063157164
509,,,,,,,,,,0.00013275388549993417,0.00013275388549993417,0.00013275388549993417
510,,,,,,,,,,0.00013170439599239866,0.00013170439599239866,0.00013170439599239866
511,,,,,,,,,,0.00013169477546190835,0.00013169477546190835,0.00013169477546190835
512,,,,,,,,,,0.0001310525652470078,0.0001310525652470078,0.0001310525652470078
513,,,,,,,,,,0.00013048834994044023,0.00013048834994044023,0.00013048834994044023
514,,,,,,,,,,0.00013021793109530707,0.00013021793109530707,0.00013021793109530707
515,,,,,,,,,,0.00012895946094835218,0.00012895946094835218,0.00012895946094835218
516,,,,,,,,,,0.00012779582962689915,0.00012779582962689915,0.00012779582962689915
517,,,,,,,,,,0.00012789670961149444,0.00012789670961149444,0.00012789670961149444
518,,,,,,,,,,0.0001277161119375394,0.0001277161119375394,0.0001277161119375394
519,,,,,,,,,,0.00012665015184971565,0.00012665015184971565,0.00012665015184971565
520,,,,,,,,,,0.00012657127503359436,0.00012657127503359436,0.00012657127503359436
521,,,,,,,,,,0.00012587005403139946,0.00012587005403139946,0.00012587005403139946
522,,,,,,,,,,0.00012560657383544287,0.00012560657383544287,0.00012560657383544287
523,,,,,,,,,,0.0001245516558923114,0.0001245516558923114,0.0001245516558923114
524,,,,,,,,,,0.00012388233684276147,0.00012388233684276147,0.00012388233684276147
525,,,,,,,,,,0.0001238925876957762,0.0001238925876957762,0.0001238925876957762
526,,,,,,,,,,0.00012364354633160503,0.00012364354633160503,0.00012364354633160503
527,,,,,,,,,,0.00012294599182944703,0.00012294599182944703,0.00012294599182944703
528,,,,,,,,,,0.0001228981757735416,0.0001228981757735416,0.0001228981757735416
529,,,,,,,,,,0.00012198498282119649,0.00012198498282119649,0.00012198498282119649
530,,,,,,,,,,0.0001218550955466617,0.0001218550955466617,0.0001218550955466617
531,,,,,,,,,,0.00012126470091920116,0.00012126470091920116,0.00012126470091920116
532,,,,,,,,,,0.0001209652604137702,0.0001209652604137702,0.0001209652604137702
533,,,,,,,,,,0.00012092247934072566,0.00012092247934072566,0.00012092247934072566
534,,,,,,,,,,0.00012003309603251551,0.00012003309603251551,0.00012003309603251551
535,,,,,,,,,,0.00011914140780104025,0.00011914140780104025,0.00011914140780104025
536,,,,,,,,,,0.00011844935475664769,0.00011844935475664769,0.00011844935475664769
537,,,,,,,,,,0.0001183746968001271,0.0001183746968001271,0.0001183746968001271
538,,,,,,,,,,0.00011790558263481171,0.00011790558263481171,0.00011790558263481171
539,,,,,,,,,,0.00011724900034661544,0.00011724900034661544,0.00011724900034661544
540,,,,,,,,,,0.0001168047316366441,0.0001168047316366441,0.0001168047316366441
541,,,,,,,,,,0.000116169115062479,0.000116169115062479,0.000116169115062479
542,,,,,,,,,,0.00011530147054766894,0.00011530147054766894,0.00011530147054766894
543,,,,,,,,,,0.00011526555043350187,0.00011526555043350187,0.00011526555043350187
544,,,,,,,,,,0.00011429529751300494,0.00011429529751300494,0.00011429529751300494
545,,,,,,,,,,0.00011407665471799489,0.00011407665471799489,0.00011407665471799489
546,,,,,,,,,,0.0001137972180167021,0.0001137972180167021,0.0001137972180167021
547,,,,,,,,,,0.00011329223014985791,0.00011329223014985791,0.00011329223014985791
548,,,,,,,,,,0.00011302337794434148,0.00011302337794434148,0.00011302337794434148
549,,,,,,,,,,0.00011273602154080526,0.00011273602154080526,0.00011273602154080526
550,,,,,,,,,,0.00011222310655778541,0.00011222310655778541,0.00011222310655778541
551,,,,,,,,,,0.0001127480663913887,0.0001127480663913887,0.0001127480663913887
552,,,,,,,,,,0.000112316612174062,0.000112316612174062,0.000112316612174062
553,,,,,,,,,,0.00011149743197139464,0.00011149743197139464,0.00011149743197139464
554,,,,,,,,,,0.00011129618787268274,0.00011129618787268274,0.00011129618787268274
555,,,,,,,,,,0.00011108022750582066,0.00011108022750582066,0.00011108022750582066
556,,,,,,,,,,0.00011025630454182841,0.00011025630454182841,0.00011025630454182841
557,,,,,,,,,,0.00011019359509618615,0.00011019359509618615,0.00011019359509618615
558,,,,,,,,,,0.00010941542750664979,0.00010941542750664979,0.00010941542750664979
559,,,,,,,,,,0.00010922328789366841,0.00010922328789366841,0.00010922328789366841
560,,,,,,,,,,0.00010860059201395106,0.00010860059201395106,0.00010860059201395106
561,,,,,,,,,,0.00010848237735921593,0.00010848237735921593,0.00010848237735921593
562,,,,,,,,,,0.00010797992504990379,0.00010797992504990379,0.00010797992504990379
563,,,,,,,,,,0.00010782953862416635,0.00010782953862416635,0.00010782953862416635
564,,,,,,,,,,0.00010727699754969131,0.00010727699754969131,0.00010727699754969131
565,,,,,,,,,,0.00010652840074265791,0.00010652840074265791,0.00010652840074265791
566,,,,,,,,,,0.00010637274628826623,0.00010637274628826623,0.00010637274628826623
567,,,,,,,,,,0.0001065181159814311,0.0001065181159814311,0.0001065181159814311
568,,,,,,,,,,0.00010570299952252082,0.00010570299952252082,0.00010570299952252082
569,,,,,,,,,,0.00010489927255186041,0.00010489927255186041,0.00010489927255186041
570,,,,,,,,,,0.00010402386028707989,0.00010402386028707989,0.00010402386028707989
571,,,,,,,,,,0.00010331408057113958,0.00010331408057113958,0.00010331408057113958
572,,,,,,,,,,0.00010406928654254395,0.00010406928654254395,0.00010406928654254395
573,,,,,,,,,,0.00010406571652112241,0.00010406571652112241,0.00010406571652112241
574,,,,,,,,,,0.00010290092181047106,0.00010290092181047106,0.00010290092181047106
575,,,,,,,,,,0.00010307343650544916,0.00010307343650544916,0.00010307343650544916
576,,,,,,,,,,0.00010265303897209809,0.00010265303897209809,0.00010265303897209809
577,,,,,,,,,,0.00010199519981027901,0.00010199519981027901,0.00010199519981027901
578,,,,,,,,,,0.00010123967173839331,0.00010123967173839331,0.00010123967173839331
579,,,,,,,,,,0.00010103785237146497,0.00010103785237146497,0.00010103785237146497
580,,,,,,,,,,0.00010086789212605097,0.00010086789212605097,0.00010086789212605097
581,,,,,,,,,,0.0001006681426128013,0.0001006681426128013,0.0001006681426128013
582,,,,,,,,,,0.0001002364418498596,0.0001002364418498596,0.0001002364418498596
583,,,,,,,,,,9.997605381387297e-05,9.997605381387297e-05,9.997605381387297e-05
