,rcv1 | direct | sketch_size = m^(2/3) = 1307 | residual_norms (median),rcv1 | direct | sketch_size = m^(2/3) = 1307 | residual_norms (1st quartile),rcv1 | direct | sketch_size = m^(2/3) = 1307 | residual_norms (3rd quartile),rcv1 | cg | sketch_size = m^(2/3) = 1307 | residual_norms (median),rcv1 | cg | sketch_size = m^(2/3) = 1307 | residual_norms (1st quartile),rcv1 | cg | sketch_size = m^(2/3) = 1307 | residual_norms (3rd quartile),rcv1 | subsample | sketch_size = m^(2/3) = 1307 | residual_norms (median),rcv1 | subsample | sketch_size = m^(2/3) = 1307 | residual_norms (1st quartile),rcv1 | subsample | sketch_size = m^(2/3) = 1307 | residual_norms (3rd quartile),rcv1 | count | sketch_size = m^(2/3) = 1307 | residual_norms (median),rcv1 | count | sketch_size = m^(2/3) = 1307 | residual_norms (1st quartile),rcv1 | count | sketch_size = m^(2/3) = 1307 | residual_norms (3rd quartile),rcv1 | subcount | sketch_size = m^(2/3) = 1307 | residual_norms (median),rcv1 | subcount | sketch_size = m^(2/3) = 1307 | residual_norms (1st quartile),rcv1 | subcount | sketch_size = m^(2/3) = 1307 | residual_norms (3rd quartile),rcv1 | gaussian | sketch_size = m^(2/3) = 1307 | residual_norms (median),rcv1 | gaussian | sketch_size = m^(2/3) = 1307 | residual_norms (1st quartile),rcv1 | gaussian | sketch_size = m^(2/3) = 1307 | residual_norms (3rd quartile),rcv1 | hadamard | sketch_size = m^(2/3) = 1307 | residual_norms (median),rcv1 | hadamard | sketch_size = m^(2/3) = 1307 | residual_norms (1st quartile),rcv1 | hadamard | sketch_size = m^(2/3) = 1307 | residual_norms (3rd quartile)
0,4.926257484440879e-16,4.926257484440879e-16,4.926257484440879e-16,1.0,1.0,1.0,1.0,1.0,1.0,1.0,1.0,1.0,1.0,1.0,1.0,1.0,1.0,1.0,1.0,1.0,1.0
1,,,,0.02350006936029743,0.02350006936029743,0.02350006936029743,0.3182567773172884,0.3182567773172884,0.3182567773172884,0.0033012369209978773,0.0033012369209978773,0.0033012369209978773,0.12284957886136925,0.12284957886136925,0.12284957886136925,0.0033036381988868833,0.0033036381988868833,0.0033036381988868833,0.0032160850290538336,0.0032160850290538336,0.0032160850290538336
2,,,,0.011336401604773024,0.011336401604773024,0.011336401604773024,0.13144176070146238,0.13144176070146238,0.13144176070146238,0.005207573689924711,0.005207573689924711,0.005207573689924711,0.050635054266845524,0.050635054266845524,0.050635054266845524,0.005243027035384537,0.005243027035384537,0.005243027035384537,0.005177905857143634,0.005177905857143634,0.005177905857143634
3,,,,0.003962831463287162,0.003962831463287162,0.003962831463287162,0.08622631546288526,0.08622631546288526,0.08622631546288526,0.0012301758701539793,0.0012301758701539793,0.0012301758701539793,0.042431615985372304,0.042431615985372304,0.042431615985372304,0.0012015700354018803,0.0012015700354018803,0.0012015700354018803,0.00121993757444323,0.00121993757444323,0.00121993757444323
4,,,,0.003587556680087102,0.003587556680087102,0.003587556680087102,0.059026083761142906,0.059026083761142906,0.059026083761142906,0.0010599043829162596,0.0010599043829162596,0.0010599043829162596,0.04026704721892957,0.04026704721892957,0.04026704721892957,0.0010204228803193556,0.0010204228803193556,0.0010204228803193556,0.0010448301345642739,0.0010448301345642739,0.0010448301345642739
5,,,,0.002475116956748434,0.002475116956748434,0.002475116956748434,0.06070872224705077,0.06070872224705077,0.06070872224705077,0.0009337806104062408,0.0009337806104062408,0.0009337806104062408,0.0347607018930172,0.0347607018930172,0.0347607018930172,0.0009059135739690796,0.0009059135739690796,0.0009059135739690796,0.0009248222007535297,0.0009248222007535297,0.0009248222007535297
6,,,,0.002080470465222157,0.002080470465222157,0.002080470465222157,0.04911886259359736,0.04911886259359736,0.04911886259359736,,,,0.031638544643450804,0.031638544643450804,0.031638544643450804,,,,,,
7,,,,0.0162100704325168,0.0162100704325168,0.0162100704325168,0.04299939607590898,0.04299939607590898,0.04299939607590898,,,,0.0033401092298425317,0.0033401092298425317,0.0033401092298425317,,,,,,
8,,,,0.0014585939840374368,0.0014585939840374368,0.0014585939840374368,0.05291066605329599,0.05291066605329599,0.05291066605329599,,,,0.0030531435175892526,0.0030531435175892526,0.0030531435175892526,,,,,,
9,,,,0.0013147221111033632,0.0013147221111033632,0.0013147221111033632,0.0547267239270608,0.0547267239270608,0.0547267239270608,,,,0.010210925551224811,0.010210925551224811,0.010210925551224811,,,,,,
10,,,,0.001121528519092639,0.001121528519092639,0.001121528519092639,0.0492175065677856,0.0492175065677856,0.0492175065677856,,,,0.0022989906351559325,0.0022989906351559325,0.0022989906351559325,,,,,,
11,,,,0.0010129372599718424,0.0010129372599718424,0.0010129372599718424,0.054522283390555995,0.054522283390555995,0.054522283390555995,,,,0.007687662146161432,0.007687662146161432,0.007687662146161432,,,,,,
12,,,,0.0008336903778858622,0.0008336903778858622,0.0008336903778858622,0.03747228328567455,0.03747228328567455,0.03747228328567455,,,,0.001935681259440299,0.001935681259440299,0.001935681259440299,,,,,,
13,,,,,,,0.03250360747282039,0.03250360747282039,0.03250360747282039,,,,0.005373509307642944,0.005373509307642944,0.005373509307642944,,,,,,
14,,,,,,,0.031778810116930206,0.031778810116930206,0.031778810116930206,,,,0.007185833382086953,0.007185833382086953,0.007185833382086953,,,,,,
15,,,,,,,0.0297213665543936,0.0297213665543936,0.0297213665543936,,,,0.007586533665104699,0.007586533665104699,0.007586533665104699,,,,,,
16,,,,,,,0.05326801621998732,0.05326801621998732,0.05326801621998732,,,,0.0013811347080914787,0.0013811347080914787,0.0013811347080914787,,,,,,
17,,,,,,,0.0416987602311094,0.0416987602311094,0.0416987602311094,,,,0.004268161473703777,0.004268161473703777,0.004268161473703777,,,,,,
18,,,,,,,0.03556351172099429,0.03556351172099429,0.03556351172099429,,,,0.001179892854851164,0.001179892854851164,0.001179892854851164,,,,,,
19,,,,,,,0.04321931065772004,0.04321931065772004,0.04321931065772004,,,,0.002646011851040601,0.002646011851040601,0.002646011851040601,,,,,,
20,,,,,,,0.03185272566936224,0.03185272566936224,0.03185272566936224,,,,0.0038762641366929043,0.0038762641366929043,0.0038762641366929043,,,,,,
21,,,,,,,0.03910508877460108,0.03910508877460108,0.03910508877460108,,,,0.0038575698134130586,0.0038575698134130586,0.0038575698134130586,,,,,,
22,,,,,,,0.036403669919234855,0.036403669919234855,0.036403669919234855,,,,0.0009155024672679937,0.0009155024672679937,0.0009155024672679937,,,,,,
23,,,,,,,0.0344772080510644,0.0344772080510644,0.0344772080510644,,,,,,,,,,,,
24,,,,,,,0.03412171799773694,0.03412171799773694,0.03412171799773694,,,,,,,,,,,,
25,,,,,,,0.03486670525385104,0.03486670525385104,0.03486670525385104,,,,,,,,,,,,
26,,,,,,,0.03285801934093635,0.03285801934093635,0.03285801934093635,,,,,,,,,,,,
27,,,,,,,0.032394986153659,0.032394986153659,0.032394986153659,,,,,,,,,,,,
28,,,,,,,0.027957550134137185,0.027957550134137185,0.027957550134137185,,,,,,,,,,,,
29,,,,,,,0.028429474713406327,0.028429474713406327,0.028429474713406327,,,,,,,,,,,,
30,,,,,,,0.02833204839453043,0.02833204839453043,0.02833204839453043,,,,,,,,,,,,
31,,,,,,,0.025232359435016033,0.025232359435016033,0.025232359435016033,,,,,,,,,,,,
32,,,,,,,0.028094072309613787,0.028094072309613787,0.028094072309613787,,,,,,,,,,,,
33,,,,,,,0.031120083419997845,0.031120083419997845,0.031120083419997845,,,,,,,,,,,,
34,,,,,,,0.029569002099651385,0.029569002099651385,0.029569002099651385,,,,,,,,,,,,
35,,,,,,,0.027603591532682124,0.027603591532682124,0.027603591532682124,,,,,,,,,,,,
36,,,,,,,0.027920479299444426,0.027920479299444426,0.027920479299444426,,,,,,,,,,,,
37,,,,,,,0.0273342763853629,0.0273342763853629,0.0273342763853629,,,,,,,,,,,,
38,,,,,,,0.04305231845171248,0.04305231845171248,0.04305231845171248,,,,,,,,,,,,
39,,,,,,,0.03454010211274867,0.03454010211274867,0.03454010211274867,,,,,,,,,,,,
40,,,,,,,0.028113459666521314,0.028113459666521314,0.028113459666521314,,,,,,,,,,,,
41,,,,,,,0.025616755358332827,0.025616755358332827,0.025616755358332827,,,,,,,,,,,,
42,,,,,,,0.02654338222867321,0.02654338222867321,0.02654338222867321,,,,,,,,,,,,
43,,,,,,,0.02682148263231249,0.02682148263231249,0.02682148263231249,,,,,,,,,,,,
44,,,,,,,0.02825959121858807,0.02825959121858807,0.02825959121858807,,,,,,,,,,,,
45,,,,,,,0.024459868056270245,0.024459868056270245,0.024459868056270245,,,,,,,,,,,,
46,,,,,,,0.02555995569272701,0.02555995569272701,0.02555995569272701,,,,,,,,,,,,
47,,,,,,,0.029920209757292947,0.029920209757292947,0.029920209757292947,,,,,,,,,,,,
48,,,,,,,0.024599848927048796,0.024599848927048796,0.024599848927048796,,,,,,,,,,,,
49,,,,,,,0.02467033426415767,0.02467033426415767,0.02467033426415767,,,,,,,,,,,,
50,,,,,,,0.025961666076144668,0.025961666076144668,0.025961666076144668,,,,,,,,,,,,
51,,,,,,,0.02059006379698297,0.02059006379698297,0.02059006379698297,,,,,,,,,,,,
52,,,,,,,0.02721442217891251,0.02721442217891251,0.02721442217891251,,,,,,,,,,,,
53,,,,,,,0.027356929166589255,0.027356929166589255,0.027356929166589255,,,,,,,,,,,,
54,,,,,,,0.022869499200168255,0.022869499200168255,0.022869499200168255,,,,,,,,,,,,
55,,,,,,,0.023618528191039323,0.023618528191039323,0.023618528191039323,,,,,,,,,,,,
56,,,,,,,0.025452470398105616,0.025452470398105616,0.025452470398105616,,,,,,,,,,,,
57,,,,,,,0.02672558431347397,0.02672558431347397,0.02672558431347397,,,,,,,,,,,,
58,,,,,,,0.02129433781938257,0.02129433781938257,0.02129433781938257,,,,,,,,,,,,
59,,,,,,,0.021125193930886594,0.021125193930886594,0.021125193930886594,,,,,,,,,,,,
60,,,,,,,0.02196729721821967,0.02196729721821967,0.02196729721821967,,,,,,,,,,,,
61,,,,,,,0.02209369182025822,0.02209369182025822,0.02209369182025822,,,,,,,,,,,,
62,,,,,,,0.023200955948034677,0.023200955948034677,0.023200955948034677,,,,,,,,,,,,
63,,,,,,,0.023429698325937776,0.023429698325937776,0.023429698325937776,,,,,,,,,,,,
64,,,,,,,0.020771554566383736,0.020771554566383736,0.020771554566383736,,,,,,,,,,,,
65,,,,,,,0.02839663793288928,0.02839663793288928,0.02839663793288928,,,,,,,,,,,,
66,,,,,,,0.026564041171571996,0.026564041171571996,0.026564041171571996,,,,,,,,,,,,
67,,,,,,,0.024279918737060296,0.024279918737060296,0.024279918737060296,,,,,,,,,,,,
68,,,,,,,0.026073380698630612,0.026073380698630612,0.026073380698630612,,,,,,,,,,,,
69,,,,,,,0.02505895566684547,0.02505895566684547,0.02505895566684547,,,,,,,,,,,,
70,,,,,,,0.024185255415986127,0.024185255415986127,0.024185255415986127,,,,,,,,,,,,
71,,,,,,,0.023318355334905273,0.023318355334905273,0.023318355334905273,,,,,,,,,,,,
72,,,,,,,0.022983474577267994,0.022983474577267994,0.022983474577267994,,,,,,,,,,,,
73,,,,,,,0.021745026230792275,0.021745026230792275,0.021745026230792275,,,,,,,,,,,,
74,,,,,,,0.022000707204453924,0.022000707204453924,0.022000707204453924,,,,,,,,,,,,
75,,,,,,,0.021891614595934562,0.021891614595934562,0.021891614595934562,,,,,,,,,,,,
76,,,,,,,0.019999798624015522,0.019999798624015522,0.019999798624015522,,,,,,,,,,,,
77,,,,,,,0.025005792330948864,0.025005792330948864,0.025005792330948864,,,,,,,,,,,,
78,,,,,,,0.025576760952823175,0.025576760952823175,0.025576760952823175,,,,,,,,,,,,
79,,,,,,,0.025304707761534286,0.025304707761534286,0.025304707761534286,,,,,,,,,,,,
80,,,,,,,0.021259975055456144,0.021259975055456144,0.021259975055456144,,,,,,,,,,,,
81,,,,,,,0.019736112375060566,0.019736112375060566,0.019736112375060566,,,,,,,,,,,,
82,,,,,,,0.019464949839855184,0.019464949839855184,0.019464949839855184,,,,,,,,,,,,
83,,,,,,,0.020161738348218498,0.020161738348218498,0.020161738348218498,,,,,,,,,,,,
84,,,,,,,0.019555993685762964,0.019555993685762964,0.019555993685762964,,,,,,,,,,,,
85,,,,,,,0.020111217507717324,0.020111217507717324,0.020111217507717324,,,,,,,,,,,,
86,,,,,,,0.020783054765650674,0.020783054765650674,0.020783054765650674,,,,,,,,,,,,
87,,,,,,,0.021020135820752652,0.021020135820752652,0.021020135820752652,,,,,,,,,,,,
88,,,,,,,0.021925926040445055,0.021925926040445055,0.021925926040445055,,,,,,,,,,,,
89,,,,,,,0.024411874612977745,0.024411874612977745,0.024411874612977745,,,,,,,,,,,,
90,,,,,,,0.023153241924542312,0.023153241924542312,0.023153241924542312,,,,,,,,,,,,
91,,,,,,,0.022152523197482985,0.022152523197482985,0.022152523197482985,,,,,,,,,,,,
92,,,,,,,0.02112207308093973,0.02112207308093973,0.02112207308093973,,,,,,,,,,,,
93,,,,,,,0.020293603975497378,0.020293603975497378,0.020293603975497378,,,,,,,,,,,,
94,,,,,,,0.02109577472287755,0.02109577472287755,0.02109577472287755,,,,,,,,,,,,
95,,,,,,,0.02120972182383789,0.02120972182383789,0.02120972182383789,,,,,,,,,,,,
96,,,,,,,0.021145629162344068,0.021145629162344068,0.021145629162344068,,,,,,,,,,,,
97,,,,,,,0.020788003684315697,0.020788003684315697,0.020788003684315697,,,,,,,,,,,,
98,,,,,,,0.021409660031913177,0.021409660031913177,0.021409660031913177,,,,,,,,,,,,
99,,,,,,,0.021369994055830527,0.021369994055830527,0.021369994055830527,,,,,,,,,,,,
100,,,,,,,0.02110404203529702,0.02110404203529702,0.02110404203529702,,,,,,,,,,,,
101,,,,,,,0.02204952259498982,0.02204952259498982,0.02204952259498982,,,,,,,,,,,,
102,,,,,,,0.02141878904560169,0.02141878904560169,0.02141878904560169,,,,,,,,,,,,
103,,,,,,,0.019951948432469592,0.019951948432469592,0.019951948432469592,,,,,,,,,,,,
104,,,,,,,0.019653319747519372,0.019653319747519372,0.019653319747519372,,,,,,,,,,,,
105,,,,,,,0.0193718099600432,0.0193718099600432,0.0193718099600432,,,,,,,,,,,,
106,,,,,,,0.02049139792933948,0.02049139792933948,0.02049139792933948,,,,,,,,,,,,
107,,,,,,,0.02160414921381734,0.02160414921381734,0.02160414921381734,,,,,,,,,,,,
108,,,,,,,0.021702856722702685,0.021702856722702685,0.021702856722702685,,,,,,,,,,,,
109,,,,,,,0.02054833229929821,0.02054833229929821,0.02054833229929821,,,,,,,,,,,,
110,,,,,,,0.022980592678455963,0.022980592678455963,0.022980592678455963,,,,,,,,,,,,
111,,,,,,,0.023964511747462957,0.023964511747462957,0.023964511747462957,,,,,,,,,,,,
112,,,,,,,0.02332039374679765,0.02332039374679765,0.02332039374679765,,,,,,,,,,,,
113,,,,,,,0.019560769180266988,0.019560769180266988,0.019560769180266988,,,,,,,,,,,,
114,,,,,,,0.019531862486645363,0.019531862486645363,0.019531862486645363,,,,,,,,,,,,
115,,,,,,,0.019450452065120645,0.019450452065120645,0.019450452065120645,,,,,,,,,,,,
116,,,,,,,0.020223020352749296,0.020223020352749296,0.020223020352749296,,,,,,,,,,,,
117,,,,,,,0.021685406689246074,0.021685406689246074,0.021685406689246074,,,,,,,,,,,,
118,,,,,,,0.02317635748966783,0.02317635748966783,0.02317635748966783,,,,,,,,,,,,
119,,,,,,,0.022037570363187292,0.022037570363187292,0.022037570363187292,,,,,,,,,,,,
120,,,,,,,0.019684499708195004,0.019684499708195004,0.019684499708195004,,,,,,,,,,,,
121,,,,,,,0.018905106724386275,0.018905106724386275,0.018905106724386275,,,,,,,,,,,,
122,,,,,,,0.021843894043772974,0.021843894043772974,0.021843894043772974,,,,,,,,,,,,
123,,,,,,,0.0030885389103152655,0.0030885389103152655,0.0030885389103152655,,,,,,,,,,,,
124,,,,,,,0.008808943666091886,0.008808943666091886,0.008808943666091886,,,,,,,,,,,,
125,,,,,,,0.0039501222645187675,0.0039501222645187675,0.0039501222645187675,,,,,,,,,,,,
126,,,,,,,0.01421580182752236,0.01421580182752236,0.01421580182752236,,,,,,,,,,,,
127,,,,,,,0.017810457431846043,0.017810457431846043,0.017810457431846043,,,,,,,,,,,,
128,,,,,,,0.016646498312649242,0.016646498312649242,0.016646498312649242,,,,,,,,,,,,
129,,,,,,,0.015473194980022925,0.015473194980022925,0.015473194980022925,,,,,,,,,,,,
130,,,,,,,0.014844990187262033,0.014844990187262033,0.014844990187262033,,,,,,,,,,,,
131,,,,,,,0.014661109056851423,0.014661109056851423,0.014661109056851423,,,,,,,,,,,,
132,,,,,,,0.01387130613903036,0.01387130613903036,0.01387130613903036,,,,,,,,,,,,
133,,,,,,,0.013723348431608537,0.013723348431608537,0.013723348431608537,,,,,,,,,,,,
134,,,,,,,0.015820657708445644,0.015820657708445644,0.015820657708445644,,,,,,,,,,,,
135,,,,,,,0.01791193616334721,0.01791193616334721,0.01791193616334721,,,,,,,,,,,,
136,,,,,,,0.014782515473118967,0.014782515473118967,0.014782515473118967,,,,,,,,,,,,
137,,,,,,,0.01419771881507267,0.01419771881507267,0.01419771881507267,,,,,,,,,,,,
138,,,,,,,0.012710019740697473,0.012710019740697473,0.012710019740697473,,,,,,,,,,,,
139,,,,,,,0.014433958056437412,0.014433958056437412,0.014433958056437412,,,,,,,,,,,,
140,,,,,,,0.01570192737586238,0.01570192737586238,0.01570192737586238,,,,,,,,,,,,
141,,,,,,,0.014499490609774925,0.014499490609774925,0.014499490609774925,,,,,,,,,,,,
142,,,,,,,0.01533846823607132,0.01533846823607132,0.01533846823607132,,,,,,,,,,,,
143,,,,,,,0.01632731851665183,0.01632731851665183,0.01632731851665183,,,,,,,,,,,,
144,,,,,,,0.017137342772514618,0.017137342772514618,0.017137342772514618,,,,,,,,,,,,
145,,,,,,,0.017307707752040474,0.017307707752040474,0.017307707752040474,,,,,,,,,,,,
146,,,,,,,0.016690682799543752,0.016690682799543752,0.016690682799543752,,,,,,,,,,,,
147,,,,,,,0.016863414790508607,0.016863414790508607,0.016863414790508607,,,,,,,,,,,,
148,,,,,,,0.018016545982577046,0.018016545982577046,0.018016545982577046,,,,,,,,,,,,
149,,,,,,,0.01725200926064011,0.01725200926064011,0.01725200926064011,,,,,,,,,,,,
150,,,,,,,0.018761884522054635,0.018761884522054635,0.018761884522054635,,,,,,,,,,,,
151,,,,,,,0.018026812447444727,0.018026812447444727,0.018026812447444727,,,,,,,,,,,,
152,,,,,,,0.01635288525718087,0.01635288525718087,0.01635288525718087,,,,,,,,,,,,
153,,,,,,,0.015947712057535,0.015947712057535,0.015947712057535,,,,,,,,,,,,
154,,,,,,,0.016368168502744578,0.016368168502744578,0.016368168502744578,,,,,,,,,,,,
155,,,,,,,0.015338601441613576,0.015338601441613576,0.015338601441613576,,,,,,,,,,,,
156,,,,,,,0.01755439691000717,0.01755439691000717,0.01755439691000717,,,,,,,,,,,,
157,,,,,,,0.019450487408827093,0.019450487408827093,0.019450487408827093,,,,,,,,,,,,
158,,,,,,,0.017827399398304106,0.017827399398304106,0.017827399398304106,,,,,,,,,,,,
159,,,,,,,0.016366264131577088,0.016366264131577088,0.016366264131577088,,,,,,,,,,,,
160,,,,,,,0.016745357116107105,0.016745357116107105,0.016745357116107105,,,,,,,,,,,,
161,,,,,,,0.018205143321661,0.018205143321661,0.018205143321661,,,,,,,,,,,,
162,,,,,,,0.017767070112077763,0.017767070112077763,0.017767070112077763,,,,,,,,,,,,
163,,,,,,,0.018038242681184737,0.018038242681184737,0.018038242681184737,,,,,,,,,,,,
164,,,,,,,0.017775554785706235,0.017775554785706235,0.017775554785706235,,,,,,,,,,,,
165,,,,,,,0.016699467978111972,0.016699467978111972,0.016699467978111972,,,,,,,,,,,,
166,,,,,,,0.016637232651613702,0.016637232651613702,0.016637232651613702,,,,,,,,,,,,
167,,,,,,,0.01675247582534213,0.01675247582534213,0.01675247582534213,,,,,,,,,,,,
168,,,,,,,0.016893202876678486,0.016893202876678486,0.016893202876678486,,,,,,,,,,,,
169,,,,,,,0.016453028245058038,0.016453028245058038,0.016453028245058038,,,,,,,,,,,,
170,,,,,,,0.002620233708828059,0.002620233708828059,0.002620233708828059,,,,,,,,,,,,
171,,,,,,,0.0026092521075965006,0.0026092521075965006,0.0026092521075965006,,,,,,,,,,,,
172,,,,,,,0.00860585322518748,0.00860585322518748,0.00860585322518748,,,,,,,,,,,,
173,,,,,,,0.015006704305016607,0.015006704305016607,0.015006704305016607,,,,,,,,,,,,
174,,,,,,,0.015783303078601395,0.015783303078601395,0.015783303078601395,,,,,,,,,,,,
175,,,,,,,0.01475559169225009,0.01475559169225009,0.01475559169225009,,,,,,,,,,,,
176,,,,,,,0.014442766296644764,0.014442766296644764,0.014442766296644764,,,,,,,,,,,,
177,,,,,,,0.01339434240082887,0.01339434240082887,0.01339434240082887,,,,,,,,,,,,
178,,,,,,,0.012028249650116694,0.012028249650116694,0.012028249650116694,,,,,,,,,,,,
179,,,,,,,0.01395442153754904,0.01395442153754904,0.01395442153754904,,,,,,,,,,,,
180,,,,,,,0.01666760708032646,0.01666760708032646,0.01666760708032646,,,,,,,,,,,,
181,,,,,,,0.0171154967675349,0.0171154967675349,0.0171154967675349,,,,,,,,,,,,
182,,,,,,,0.016485194403167005,0.016485194403167005,0.016485194403167005,,,,,,,,,,,,
183,,,,,,,0.015180162781976448,0.015180162781976448,0.015180162781976448,,,,,,,,,,,,
184,,,,,,,0.013831382866046958,0.013831382866046958,0.013831382866046958,,,,,,,,,,,,
185,,,,,,,0.013726920411965654,0.013726920411965654,0.013726920411965654,,,,,,,,,,,,
186,,,,,,,0.015434111355329027,0.015434111355329027,0.015434111355329027,,,,,,,,,,,,
187,,,,,,,0.01631807154817633,0.01631807154817633,0.01631807154817633,,,,,,,,,,,,
188,,,,,,,0.01668745143661435,0.01668745143661435,0.01668745143661435,,,,,,,,,,,,
189,,,,,,,0.016609792503557638,0.016609792503557638,0.016609792503557638,,,,,,,,,,,,
190,,,,,,,0.015299884360659863,0.015299884360659863,0.015299884360659863,,,,,,,,,,,,
191,,,,,,,0.014304292824488026,0.014304292824488026,0.014304292824488026,,,,,,,,,,,,
192,,,,,,,0.01262210869192509,0.01262210869192509,0.01262210869192509,,,,,,,,,,,,
193,,,,,,,0.013284581714005995,0.013284581714005995,0.013284581714005995,,,,,,,,,,,,
194,,,,,,,0.01399015262605528,0.01399015262605528,0.01399015262605528,,,,,,,,,,,,
195,,,,,,,0.015425301451169274,0.015425301451169274,0.015425301451169274,,,,,,,,,,,,
196,,,,,,,0.015366682255390682,0.015366682255390682,0.015366682255390682,,,,,,,,,,,,
197,,,,,,,0.015262385743832011,0.015262385743832011,0.015262385743832011,,,,,,,,,,,,
198,,,,,,,0.016772350307762564,0.016772350307762564,0.016772350307762564,,,,,,,,,,,,
199,,,,,,,0.017135125153254768,0.017135125153254768,0.017135125153254768,,,,,,,,,,,,
200,,,,,,,0.015464454020540273,0.015464454020540273,0.015464454020540273,,,,,,,,,,,,
201,,,,,,,0.013908073710294011,0.013908073710294011,0.013908073710294011,,,,,,,,,,,,
202,,,,,,,0.014496892010816116,0.014496892010816116,0.014496892010816116,,,,,,,,,,,,
203,,,,,,,0.014842937646325036,0.014842937646325036,0.014842937646325036,,,,,,,,,,,,
204,,,,,,,0.01586775234763282,0.01586775234763282,0.01586775234763282,,,,,,,,,,,,
205,,,,,,,0.015497097487491339,0.015497097487491339,0.015497097487491339,,,,,,,,,,,,
206,,,,,,,0.015456864767806085,0.015456864767806085,0.015456864767806085,,,,,,,,,,,,
207,,,,,,,0.014586092252046066,0.014586092252046066,0.014586092252046066,,,,,,,,,,,,
208,,,,,,,0.014246947162593407,0.014246947162593407,0.014246947162593407,,,,,,,,,,,,
209,,,,,,,0.014603479031585834,0.014603479031585834,0.014603479031585834,,,,,,,,,,,,
210,,,,,,,0.01539510962926903,0.01539510962926903,0.01539510962926903,,,,,,,,,,,,
211,,,,,,,0.01611958550348442,0.01611958550348442,0.01611958550348442,,,,,,,,,,,,
212,,,,,,,0.01604198359366505,0.01604198359366505,0.01604198359366505,,,,,,,,,,,,
213,,,,,,,0.01512237418282075,0.01512237418282075,0.01512237418282075,,,,,,,,,,,,
214,,,,,,,0.01474005767926365,0.01474005767926365,0.01474005767926365,,,,,,,,,,,,
215,,,,,,,0.01555097263451247,0.01555097263451247,0.01555097263451247,,,,,,,,,,,,
216,,,,,,,0.016753286860619648,0.016753286860619648,0.016753286860619648,,,,,,,,,,,,
217,,,,,,,0.017863221854557274,0.017863221854557274,0.017863221854557274,,,,,,,,,,,,
218,,,,,,,0.01771030867442916,0.01771030867442916,0.01771030867442916,,,,,,,,,,,,
219,,,,,,,0.016241232178559568,0.016241232178559568,0.016241232178559568,,,,,,,,,,,,
220,,,,,,,0.014329655707916045,0.014329655707916045,0.014329655707916045,,,,,,,,,,,,
221,,,,,,,0.014920965724096609,0.014920965724096609,0.014920965724096609,,,,,,,,,,,,
222,,,,,,,0.01641262760906291,0.01641262760906291,0.01641262760906291,,,,,,,,,,,,
223,,,,,,,0.015737253965254123,0.015737253965254123,0.015737253965254123,,,,,,,,,,,,
224,,,,,,,0.015580851164339677,0.015580851164339677,0.015580851164339677,,,,,,,,,,,,
225,,,,,,,0.01457808897620838,0.01457808897620838,0.01457808897620838,,,,,,,,,,,,
226,,,,,,,0.014892570588610246,0.014892570588610246,0.014892570588610246,,,,,,,,,,,,
227,,,,,,,0.015824381197900538,0.015824381197900538,0.015824381197900538,,,,,,,,,,,,
228,,,,,,,0.016278175073092593,0.016278175073092593,0.016278175073092593,,,,,,,,,,,,
229,,,,,,,0.017165279983734356,0.017165279983734356,0.017165279983734356,,,,,,,,,,,,
230,,,,,,,0.016204429316776226,0.016204429316776226,0.016204429316776226,,,,,,,,,,,,
231,,,,,,,0.01585960951544405,0.01585960951544405,0.01585960951544405,,,,,,,,,,,,
232,,,,,,,0.015862684079217777,0.015862684079217777,0.015862684079217777,,,,,,,,,,,,
233,,,,,,,0.01687076832317171,0.01687076832317171,0.01687076832317171,,,,,,,,,,,,
234,,,,,,,0.016153532554886163,0.016153532554886163,0.016153532554886163,,,,,,,,,,,,
235,,,,,,,0.01524741483643589,0.01524741483643589,0.01524741483643589,,,,,,,,,,,,
236,,,,,,,0.01567027431803949,0.01567027431803949,0.01567027431803949,,,,,,,,,,,,
237,,,,,,,0.016349468144582092,0.016349468144582092,0.016349468144582092,,,,,,,,,,,,
238,,,,,,,0.016442630085811025,0.016442630085811025,0.016442630085811025,,,,,,,,,,,,
239,,,,,,,0.01670896715721826,0.01670896715721826,0.01670896715721826,,,,,,,,,,,,
240,,,,,,,0.015985843305094494,0.015985843305094494,0.015985843305094494,,,,,,,,,,,,
241,,,,,,,0.016026909110181727,0.016026909110181727,0.016026909110181727,,,,,,,,,,,,
242,,,,,,,0.016885525572467405,0.016885525572467405,0.016885525572467405,,,,,,,,,,,,
243,,,,,,,0.016682508700988426,0.016682508700988426,0.016682508700988426,,,,,,,,,,,,
244,,,,,,,0.01732229283292215,0.01732229283292215,0.01732229283292215,,,,,,,,,,,,
245,,,,,,,0.01785006972177779,0.01785006972177779,0.01785006972177779,,,,,,,,,,,,
246,,,,,,,0.017279577129874466,0.017279577129874466,0.017279577129874466,,,,,,,,,,,,
247,,,,,,,0.015379121888366883,0.015379121888366883,0.015379121888366883,,,,,,,,,,,,
248,,,,,,,0.015133246191351748,0.015133246191351748,0.015133246191351748,,,,,,,,,,,,
249,,,,,,,0.015933302794077838,0.015933302794077838,0.015933302794077838,,,,,,,,,,,,
250,,,,,,,0.016338777250899394,0.016338777250899394,0.016338777250899394,,,,,,,,,,,,
251,,,,,,,0.015693690706641963,0.015693690706641963,0.015693690706641963,,,,,,,,,,,,
252,,,,,,,0.01571495954552951,0.01571495954552951,0.01571495954552951,,,,,,,,,,,,
253,,,,,,,0.01587911534676636,0.01587911534676636,0.01587911534676636,,,,,,,,,,,,
254,,,,,,,0.01594343922163876,0.01594343922163876,0.01594343922163876,,,,,,,,,,,,
255,,,,,,,0.016171769045374224,0.016171769045374224,0.016171769045374224,,,,,,,,,,,,
256,,,,,,,0.015758082219980134,0.015758082219980134,0.015758082219980134,,,,,,,,,,,,
257,,,,,,,0.01612693761475035,0.01612693761475035,0.01612693761475035,,,,,,,,,,,,
258,,,,,,,0.016052804942423293,0.016052804942423293,0.016052804942423293,,,,,,,,,,,,
259,,,,,,,0.015936937407431614,0.015936937407431614,0.015936937407431614,,,,,,,,,,,,
260,,,,,,,0.016046282918789314,0.016046282918789314,0.016046282918789314,,,,,,,,,,,,
261,,,,,,,0.01607759848431917,0.01607759848431917,0.01607759848431917,,,,,,,,,,,,
262,,,,,,,0.015660117177308086,0.015660117177308086,0.015660117177308086,,,,,,,,,,,,
263,,,,,,,0.015225026974894432,0.015225026974894432,0.015225026974894432,,,,,,,,,,,,
264,,,,,,,0.01641553915386561,0.01641553915386561,0.01641553915386561,,,,,,,,,,,,
265,,,,,,,0.01691908094316193,0.01691908094316193,0.01691908094316193,,,,,,,,,,,,
266,,,,,,,0.016603816373562737,0.016603816373562737,0.016603816373562737,,,,,,,,,,,,
267,,,,,,,0.01626855488158036,0.01626855488158036,0.01626855488158036,,,,,,,,,,,,
268,,,,,,,0.01674780840242891,0.01674780840242891,0.01674780840242891,,,,,,,,,,,,
269,,,,,,,0.016385595398597495,0.016385595398597495,0.016385595398597495,,,,,,,,,,,,
270,,,,,,,0.016266212897397096,0.016266212897397096,0.016266212897397096,,,,,,,,,,,,
271,,,,,,,0.01569810050009985,0.01569810050009985,0.01569810050009985,,,,,,,,,,,,
272,,,,,,,0.014765984530719674,0.014765984530719674,0.014765984530719674,,,,,,,,,,,,
273,,,,,,,0.014149117327808053,0.014149117327808053,0.014149117327808053,,,,,,,,,,,,
274,,,,,,,0.014105381636264624,0.014105381636264624,0.014105381636264624,,,,,,,,,,,,
275,,,,,,,0.015087911918242637,0.015087911918242637,0.015087911918242637,,,,,,,,,,,,
276,,,,,,,0.016041558842197302,0.016041558842197302,0.016041558842197302,,,,,,,,,,,,
277,,,,,,,0.016693204599586405,0.016693204599586405,0.016693204599586405,,,,,,,,,,,,
278,,,,,,,0.01679604154129712,0.01679604154129712,0.01679604154129712,,,,,,,,,,,,
279,,,,,,,0.01616269192014591,0.01616269192014591,0.01616269192014591,,,,,,,,,,,,
280,,,,,,,0.015845610575686935,0.015845610575686935,0.015845610575686935,,,,,,,,,,,,
281,,,,,,,0.015924205498939588,0.015924205498939588,0.015924205498939588,,,,,,,,,,,,
282,,,,,,,0.01639736784977667,0.01639736784977667,0.01639736784977667,,,,,,,,,,,,
283,,,,,,,0.016581695634859034,0.016581695634859034,0.016581695634859034,,,,,,,,,,,,
284,,,,,,,0.0021278638052998496,0.0021278638052998496,0.0021278638052998496,,,,,,,,,,,,
285,,,,,,,0.002114497989241471,0.002114497989241471,0.002114497989241471,,,,,,,,,,,,
286,,,,,,,0.006666958136092136,0.006666958136092136,0.006666958136092136,,,,,,,,,,,,
287,,,,,,,0.014656516036107075,0.014656516036107075,0.014656516036107075,,,,,,,,,,,,
288,,,,,,,0.015342730678179404,0.015342730678179404,0.015342730678179404,,,,,,,,,,,,
289,,,,,,,0.01370976108557279,0.01370976108557279,0.01370976108557279,,,,,,,,,,,,
290,,,,,,,0.012594935763322681,0.012594935763322681,0.012594935763322681,,,,,,,,,,,,
291,,,,,,,0.011938689536062565,0.011938689536062565,0.011938689536062565,,,,,,,,,,,,
292,,,,,,,0.01301682465247664,0.01301682465247664,0.01301682465247664,,,,,,,,,,,,
293,,,,,,,0.012446676296287481,0.012446676296287481,0.012446676296287481,,,,,,,,,,,,
294,,,,,,,0.013708978184139091,0.013708978184139091,0.013708978184139091,,,,,,,,,,,,
295,,,,,,,0.013343300387914103,0.013343300387914103,0.013343300387914103,,,,,,,,,,,,
296,,,,,,,0.012295055590604183,0.012295055590604183,0.012295055590604183,,,,,,,,,,,,
297,,,,,,,0.012665637685022732,0.012665637685022732,0.012665637685022732,,,,,,,,,,,,
298,,,,,,,0.012628774677004807,0.012628774677004807,0.012628774677004807,,,,,,,,,,,,
299,,,,,,,0.013820070725223808,0.013820070725223808,0.013820070725223808,,,,,,,,,,,,
300,,,,,,,0.01465742009222232,0.01465742009222232,0.01465742009222232,,,,,,,,,,,,
301,,,,,,,0.01438366209155226,0.01438366209155226,0.01438366209155226,,,,,,,,,,,,
302,,,,,,,0.014765750233080271,0.014765750233080271,0.014765750233080271,,,,,,,,,,,,
303,,,,,,,0.0134453145579413,0.0134453145579413,0.0134453145579413,,,,,,,,,,,,
304,,,,,,,0.012736987845319807,0.012736987845319807,0.012736987845319807,,,,,,,,,,,,
305,,,,,,,0.011360043690296147,0.011360043690296147,0.011360043690296147,,,,,,,,,,,,
306,,,,,,,0.012846171399640977,0.012846171399640977,0.012846171399640977,,,,,,,,,,,,
307,,,,,,,0.015419382200864338,0.015419382200864338,0.015419382200864338,,,,,,,,,,,,
308,,,,,,,0.015888106205013536,0.015888106205013536,0.015888106205013536,,,,,,,,,,,,
309,,,,,,,0.015067401985032453,0.015067401985032453,0.015067401985032453,,,,,,,,,,,,
310,,,,,,,0.01477505721241767,0.01477505721241767,0.01477505721241767,,,,,,,,,,,,
311,,,,,,,0.01456402280186287,0.01456402280186287,0.01456402280186287,,,,,,,,,,,,
312,,,,,,,0.014088054396205033,0.014088054396205033,0.014088054396205033,,,,,,,,,,,,
313,,,,,,,0.012776281297880963,0.012776281297880963,0.012776281297880963,,,,,,,,,,,,
314,,,,,,,0.013816403292938739,0.013816403292938739,0.013816403292938739,,,,,,,,,,,,
315,,,,,,,0.014800438749399578,0.014800438749399578,0.014800438749399578,,,,,,,,,,,,
316,,,,,,,0.014977779254104935,0.014977779254104935,0.014977779254104935,,,,,,,,,,,,
317,,,,,,,0.014939321475852033,0.014939321475852033,0.014939321475852033,,,,,,,,,,,,
318,,,,,,,0.014583238517780291,0.014583238517780291,0.014583238517780291,,,,,,,,,,,,
319,,,,,,,0.012865736277457993,0.012865736277457993,0.012865736277457993,,,,,,,,,,,,
320,,,,,,,0.012564619945035528,0.012564619945035528,0.012564619945035528,,,,,,,,,,,,
321,,,,,,,0.013609451223797742,0.013609451223797742,0.013609451223797742,,,,,,,,,,,,
322,,,,,,,0.014461894799369199,0.014461894799369199,0.014461894799369199,,,,,,,,,,,,
323,,,,,,,0.013159669870237112,0.013159669870237112,0.013159669870237112,,,,,,,,,,,,
324,,,,,,,0.013706671036017165,0.013706671036017165,0.013706671036017165,,,,,,,,,,,,
325,,,,,,,0.014313083973843243,0.014313083973843243,0.014313083973843243,,,,,,,,,,,,
326,,,,,,,0.014337142478295239,0.014337142478295239,0.014337142478295239,,,,,,,,,,,,
327,,,,,,,0.014392882786715029,0.014392882786715029,0.014392882786715029,,,,,,,,,,,,
328,,,,,,,0.013463063396271563,0.013463063396271563,0.013463063396271563,,,,,,,,,,,,
329,,,,,,,0.012392162111541047,0.012392162111541047,0.012392162111541047,,,,,,,,,,,,
330,,,,,,,0.012539158770318238,0.012539158770318238,0.012539158770318238,,,,,,,,,,,,
331,,,,,,,0.01336811172393148,0.01336811172393148,0.01336811172393148,,,,,,,,,,,,
332,,,,,,,0.014154954381839021,0.014154954381839021,0.014154954381839021,,,,,,,,,,,,
333,,,,,,,0.015079850947815453,0.015079850947815453,0.015079850947815453,,,,,,,,,,,,
334,,,,,,,0.014461269154459368,0.014461269154459368,0.014461269154459368,,,,,,,,,,,,
335,,,,,,,0.013814967138941174,0.013814967138941174,0.013814967138941174,,,,,,,,,,,,
336,,,,,,,0.013269915922882172,0.013269915922882172,0.013269915922882172,,,,,,,,,,,,
337,,,,,,,0.013723539474266282,0.013723539474266282,0.013723539474266282,,,,,,,,,,,,
338,,,,,,,0.013551580344104428,0.013551580344104428,0.013551580344104428,,,,,,,,,,,,
339,,,,,,,0.01433719250309617,0.01433719250309617,0.01433719250309617,,,,,,,,,,,,
340,,,,,,,0.014533865258744257,0.014533865258744257,0.014533865258744257,,,,,,,,,,,,
341,,,,,,,0.014442181087025554,0.014442181087025554,0.014442181087025554,,,,,,,,,,,,
342,,,,,,,0.001979239663164471,0.001979239663164471,0.001979239663164471,,,,,,,,,,,,
343,,,,,,,0.0019278659157712728,0.0019278659157712728,0.0019278659157712728,,,,,,,,,,,,
344,,,,,,,0.00630305650578631,0.00630305650578631,0.00630305650578631,,,,,,,,,,,,
345,,,,,,,0.011161806475327718,0.011161806475327718,0.011161806475327718,,,,,,,,,,,,
346,,,,,,,0.012479686517914887,0.012479686517914887,0.012479686517914887,,,,,,,,,,,,
347,,,,,,,0.011248924826399036,0.011248924826399036,0.011248924826399036,,,,,,,,,,,,
348,,,,,,,0.010136709187936781,0.010136709187936781,0.010136709187936781,,,,,,,,,,,,
349,,,,,,,0.011294956591744931,0.011294956591744931,0.011294956591744931,,,,,,,,,,,,
350,,,,,,,0.014003815691578603,0.014003815691578603,0.014003815691578603,,,,,,,,,,,,
351,,,,,,,0.013699012775160519,0.013699012775160519,0.013699012775160519,,,,,,,,,,,,
352,,,,,,,0.01156102353640694,0.01156102353640694,0.01156102353640694,,,,,,,,,,,,
353,,,,,,,0.009889884141008276,0.009889884141008276,0.009889884141008276,,,,,,,,,,,,
354,,,,,,,0.009852905874701817,0.009852905874701817,0.009852905874701817,,,,,,,,,,,,
355,,,,,,,0.010952223143665424,0.010952223143665424,0.010952223143665424,,,,,,,,,,,,
356,,,,,,,0.0018206237256109766,0.0018206237256109766,0.0018206237256109766,,,,,,,,,,,,
357,,,,,,,0.0017533920293211036,0.0017533920293211036,0.0017533920293211036,,,,,,,,,,,,
358,,,,,,,0.00603903510974811,0.00603903510974811,0.00603903510974811,,,,,,,,,,,,
359,,,,,,,0.009964797540342093,0.009964797540342093,0.009964797540342093,,,,,,,,,,,,
360,,,,,,,0.01045621261840548,0.01045621261840548,0.01045621261840548,,,,,,,,,,,,
361,,,,,,,0.009137352160978315,0.009137352160978315,0.009137352160978315,,,,,,,,,,,,
362,,,,,,,0.0076022080318489125,0.0076022080318489125,0.0076022080318489125,,,,,,,,,,,,
363,,,,,,,0.007549837145290453,0.007549837145290453,0.007549837145290453,,,,,,,,,,,,
364,,,,,,,0.009907830563317023,0.009907830563317023,0.009907830563317023,,,,,,,,,,,,
365,,,,,,,0.010661988500410618,0.010661988500410618,0.010661988500410618,,,,,,,,,,,,
366,,,,,,,0.011309696158106314,0.011309696158106314,0.011309696158106314,,,,,,,,,,,,
367,,,,,,,0.011696792628927885,0.011696792628927885,0.011696792628927885,,,,,,,,,,,,
368,,,,,,,0.010785219287920806,0.010785219287920806,0.010785219287920806,,,,,,,,,,,,
369,,,,,,,0.009629809923588646,0.009629809923588646,0.009629809923588646,,,,,,,,,,,,
370,,,,,,,0.008702601510310775,0.008702601510310775,0.008702601510310775,,,,,,,,,,,,
371,,,,,,,0.008827542889579706,0.008827542889579706,0.008827542889579706,,,,,,,,,,,,
372,,,,,,,0.007608932240385328,0.007608932240385328,0.007608932240385328,,,,,,,,,,,,
373,,,,,,,0.008259439082727884,0.008259439082727884,0.008259439082727884,,,,,,,,,,,,
374,,,,,,,0.01127301259844532,0.01127301259844532,0.01127301259844532,,,,,,,,,,,,
375,,,,,,,0.010854586938883333,0.010854586938883333,0.010854586938883333,,,,,,,,,,,,
376,,,,,,,0.011566999556744572,0.011566999556744572,0.011566999556744572,,,,,,,,,,,,
377,,,,,,,0.012305758754208956,0.012305758754208956,0.012305758754208956,,,,,,,,,,,,
378,,,,,,,0.011622195890541054,0.011622195890541054,0.011622195890541054,,,,,,,,,,,,
379,,,,,,,0.010346542792964935,0.010346542792964935,0.010346542792964935,,,,,,,,,,,,
380,,,,,,,0.0098988529282631,0.0098988529282631,0.0098988529282631,,,,,,,,,,,,
381,,,,,,,0.009832430668768911,0.009832430668768911,0.009832430668768911,,,,,,,,,,,,
382,,,,,,,0.009963687369983825,0.009963687369983825,0.009963687369983825,,,,,,,,,,,,
383,,,,,,,0.01079368979110964,0.01079368979110964,0.01079368979110964,,,,,,,,,,,,
384,,,,,,,0.010997542474465716,0.010997542474465716,0.010997542474465716,,,,,,,,,,,,
385,,,,,,,0.011224427697274478,0.011224427697274478,0.011224427697274478,,,,,,,,,,,,
386,,,,,,,0.011047847807898697,0.011047847807898697,0.011047847807898697,,,,,,,,,,,,
387,,,,,,,0.010593363906535357,0.010593363906535357,0.010593363906535357,,,,,,,,,,,,
388,,,,,,,0.0016783164287218016,0.0016783164287218016,0.0016783164287218016,,,,,,,,,,,,
389,,,,,,,0.0022043650428157364,0.0022043650428157364,0.0022043650428157364,,,,,,,,,,,,
390,,,,,,,0.002432183032760267,0.002432183032760267,0.002432183032760267,,,,,,,,,,,,
391,,,,,,,0.006555112427719138,0.006555112427719138,0.006555112427719138,,,,,,,,,,,,
392,,,,,,,0.009577357765873103,0.009577357765873103,0.009577357765873103,,,,,,,,,,,,
393,,,,,,,0.010215790732679936,0.010215790732679936,0.010215790732679936,,,,,,,,,,,,
394,,,,,,,0.00953258623289264,0.00953258623289264,0.00953258623289264,,,,,,,,,,,,
395,,,,,,,0.008088928000402937,0.008088928000402937,0.008088928000402937,,,,,,,,,,,,
396,,,,,,,0.008828057608357765,0.008828057608357765,0.008828057608357765,,,,,,,,,,,,
397,,,,,,,0.009116645489479288,0.009116645489479288,0.009116645489479288,,,,,,,,,,,,
398,,,,,,,0.009542617252587081,0.009542617252587081,0.009542617252587081,,,,,,,,,,,,
399,,,,,,,0.00963521201919848,0.00963521201919848,0.00963521201919848,,,,,,,,,,,,
400,,,,,,,0.009233523534702708,0.009233523534702708,0.009233523534702708,,,,,,,,,,,,
401,,,,,,,0.00961728726205508,0.00961728726205508,0.00961728726205508,,,,,,,,,,,,
402,,,,,,,0.010051478433918019,0.010051478433918019,0.010051478433918019,,,,,,,,,,,,
403,,,,,,,0.009193055044235898,0.009193055044235898,0.009193055044235898,,,,,,,,,,,,
404,,,,,,,0.007853066612591813,0.007853066612591813,0.007853066612591813,,,,,,,,,,,,
405,,,,,,,0.008502957933808647,0.008502957933808647,0.008502957933808647,,,,,,,,,,,,
406,,,,,,,0.008613270425905494,0.008613270425905494,0.008613270425905494,,,,,,,,,,,,
407,,,,,,,0.00884548502324471,0.00884548502324471,0.00884548502324471,,,,,,,,,,,,
408,,,,,,,0.00890085480397454,0.00890085480397454,0.00890085480397454,,,,,,,,,,,,
409,,,,,,,0.00909698412494837,0.00909698412494837,0.00909698412494837,,,,,,,,,,,,
410,,,,,,,0.009149980438629869,0.009149980438629869,0.009149980438629869,,,,,,,,,,,,
411,,,,,,,0.009241533084827558,0.009241533084827558,0.009241533084827558,,,,,,,,,,,,
412,,,,,,,0.009781313766841406,0.009781313766841406,0.009781313766841406,,,,,,,,,,,,
413,,,,,,,0.008910230469210245,0.008910230469210245,0.008910230469210245,,,,,,,,,,,,
414,,,,,,,0.009483336625278355,0.009483336625278355,0.009483336625278355,,,,,,,,,,,,
415,,,,,,,0.00984504871252321,0.00984504871252321,0.00984504871252321,,,,,,,,,,,,
416,,,,,,,0.00998823529755907,0.00998823529755907,0.00998823529755907,,,,,,,,,,,,
417,,,,,,,0.009250887624368067,0.009250887624368067,0.009250887624368067,,,,,,,,,,,,
418,,,,,,,0.009828731394265534,0.009828731394265534,0.009828731394265534,,,,,,,,,,,,
419,,,,,,,0.010281626566678661,0.010281626566678661,0.010281626566678661,,,,,,,,,,,,
420,,,,,,,0.01047077381488353,0.01047077381488353,0.01047077381488353,,,,,,,,,,,,
421,,,,,,,0.010357944159427207,0.010357944159427207,0.010357944159427207,,,,,,,,,,,,
422,,,,,,,0.009490697171506449,0.009490697171506449,0.009490697171506449,,,,,,,,,,,,
423,,,,,,,0.009596472237240129,0.009596472237240129,0.009596472237240129,,,,,,,,,,,,
424,,,,,,,0.008841690252764696,0.008841690252764696,0.008841690252764696,,,,,,,,,,,,
425,,,,,,,0.00943008075226041,0.00943008075226041,0.00943008075226041,,,,,,,,,,,,
426,,,,,,,0.009534291878772978,0.009534291878772978,0.009534291878772978,,,,,,,,,,,,
427,,,,,,,0.009618548661754534,0.009618548661754534,0.009618548661754534,,,,,,,,,,,,
428,,,,,,,0.009550257622638964,0.009550257622638964,0.009550257622638964,,,,,,,,,,,,
429,,,,,,,0.009290400004002114,0.009290400004002114,0.009290400004002114,,,,,,,,,,,,
430,,,,,,,0.00949499341855786,0.00949499341855786,0.00949499341855786,,,,,,,,,,,,
431,,,,,,,0.009897749880610394,0.009897749880610394,0.009897749880610394,,,,,,,,,,,,
432,,,,,,,0.009139463087758233,0.009139463087758233,0.009139463087758233,,,,,,,,,,,,
433,,,,,,,0.009286243105119215,0.009286243105119215,0.009286243105119215,,,,,,,,,,,,
434,,,,,,,0.009350931182981108,0.009350931182981108,0.009350931182981108,,,,,,,,,,,,
435,,,,,,,0.0095236609386269,0.0095236609386269,0.0095236609386269,,,,,,,,,,,,
436,,,,,,,0.00957905945111382,0.00957905945111382,0.00957905945111382,,,,,,,,,,,,
437,,,,,,,0.008968163843118613,0.008968163843118613,0.008968163843118613,,,,,,,,,,,,
438,,,,,,,0.009342514644550808,0.009342514644550808,0.009342514644550808,,,,,,,,,,,,
439,,,,,,,0.008946837680094594,0.008946837680094594,0.008946837680094594,,,,,,,,,,,,
440,,,,,,,0.009353078319916702,0.009353078319916702,0.009353078319916702,,,,,,,,,,,,
441,,,,,,,0.010624686365506265,0.010624686365506265,0.010624686365506265,,,,,,,,,,,,
442,,,,,,,0.009793640841004049,0.009793640841004049,0.009793640841004049,,,,,,,,,,,,
443,,,,,,,0.009590098120018892,0.009590098120018892,0.009590098120018892,,,,,,,,,,,,
444,,,,,,,0.009905401290182617,0.009905401290182617,0.009905401290182617,,,,,,,,,,,,
445,,,,,,,0.010050500411764633,0.010050500411764633,0.010050500411764633,,,,,,,,,,,,
446,,,,,,,0.010329993537630247,0.010329993537630247,0.010329993537630247,,,,,,,,,,,,
447,,,,,,,0.009556003428361512,0.009556003428361512,0.009556003428361512,,,,,,,,,,,,
448,,,,,,,0.00946662229038458,0.00946662229038458,0.00946662229038458,,,,,,,,,,,,
449,,,,,,,0.009564172038468526,0.009564172038468526,0.009564172038468526,,,,,,,,,,,,
450,,,,,,,0.009228557840583719,0.009228557840583719,0.009228557840583719,,,,,,,,,,,,
451,,,,,,,0.010009223396738412,0.010009223396738412,0.010009223396738412,,,,,,,,,,,,
452,,,,,,,0.01025194699163319,0.01025194699163319,0.01025194699163319,,,,,,,,,,,,
453,,,,,,,0.010837435120255829,0.010837435120255829,0.010837435120255829,,,,,,,,,,,,
454,,,,,,,0.010890760961913526,0.010890760961913526,0.010890760961913526,,,,,,,,,,,,
455,,,,,,,0.0014751744013967005,0.0014751744013967005,0.0014751744013967005,,,,,,,,,,,,
456,,,,,,,0.001962854254237834,0.001962854254237834,0.001962854254237834,,,,,,,,,,,,
457,,,,,,,0.004005393776302578,0.004005393776302578,0.004005393776302578,,,,,,,,,,,,
458,,,,,,,0.008135864616204264,0.008135864616204264,0.008135864616204264,,,,,,,,,,,,
459,,,,,,,0.008855820256740742,0.008855820256740742,0.008855820256740742,,,,,,,,,,,,
460,,,,,,,0.007491287866669845,0.007491287866669845,0.007491287866669845,,,,,,,,,,,,
461,,,,,,,0.00758780777620297,0.00758780777620297,0.00758780777620297,,,,,,,,,,,,
462,,,,,,,0.007289089103366762,0.007289089103366762,0.007289089103366762,,,,,,,,,,,,
463,,,,,,,0.007765086255098082,0.007765086255098082,0.007765086255098082,,,,,,,,,,,,
464,,,,,,,0.0073675314862281195,0.0073675314862281195,0.0073675314862281195,,,,,,,,,,,,
465,,,,,,,0.007863722761968877,0.007863722761968877,0.007863722761968877,,,,,,,,,,,,
466,,,,,,,0.008801859932727142,0.008801859932727142,0.008801859932727142,,,,,,,,,,,,
467,,,,,,,0.008125959661754912,0.008125959661754912,0.008125959661754912,,,,,,,,,,,,
468,,,,,,,0.007875889244982198,0.007875889244982198,0.007875889244982198,,,,,,,,,,,,
469,,,,,,,0.006365006390563785,0.006365006390563785,0.006365006390563785,,,,,,,,,,,,
470,,,,,,,0.00704367869911057,0.00704367869911057,0.00704367869911057,,,,,,,,,,,,
471,,,,,,,0.008816949411790377,0.008816949411790377,0.008816949411790377,,,,,,,,,,,,
472,,,,,,,0.008522411821586653,0.008522411821586653,0.008522411821586653,,,,,,,,,,,,
473,,,,,,,0.007338673810800828,0.007338673810800828,0.007338673810800828,,,,,,,,,,,,
474,,,,,,,0.006667804092485076,0.006667804092485076,0.006667804092485076,,,,,,,,,,,,
475,,,,,,,0.007076603186213899,0.007076603186213899,0.007076603186213899,,,,,,,,,,,,
476,,,,,,,0.007710648849556632,0.007710648849556632,0.007710648849556632,,,,,,,,,,,,
477,,,,,,,0.008568628334436204,0.008568628334436204,0.008568628334436204,,,,,,,,,,,,
478,,,,,,,0.008152294360439601,0.008152294360439601,0.008152294360439601,,,,,,,,,,,,
479,,,,,,,0.00848135833457746,0.00848135833457746,0.00848135833457746,,,,,,,,,,,,
480,,,,,,,0.00765618875117395,0.00765618875117395,0.00765618875117395,,,,,,,,,,,,
481,,,,,,,0.006669490002265935,0.006669490002265935,0.006669490002265935,,,,,,,,,,,,
482,,,,,,,0.007213716567619968,0.007213716567619968,0.007213716567619968,,,,,,,,,,,,
483,,,,,,,0.006620503845585873,0.006620503845585873,0.006620503845585873,,,,,,,,,,,,
484,,,,,,,0.007605609233368361,0.007605609233368361,0.007605609233368361,,,,,,,,,,,,
485,,,,,,,0.008143241523997721,0.008143241523997721,0.008143241523997721,,,,,,,,,,,,
486,,,,,,,0.008382850313540871,0.008382850313540871,0.008382850313540871,,,,,,,,,,,,
487,,,,,,,0.008740705860042703,0.008740705860042703,0.008740705860042703,,,,,,,,,,,,
488,,,,,,,0.0082059453276041,0.0082059453276041,0.0082059453276041,,,,,,,,,,,,
489,,,,,,,0.008475743534047144,0.008475743534047144,0.008475743534047144,,,,,,,,,,,,
490,,,,,,,0.008754374078254258,0.008754374078254258,0.008754374078254258,,,,,,,,,,,,
491,,,,,,,0.009365605955977352,0.009365605955977352,0.009365605955977352,,,,,,,,,,,,
492,,,,,,,0.00902638228215321,0.00902638228215321,0.00902638228215321,,,,,,,,,,,,
493,,,,,,,0.009020008399214336,0.009020008399214336,0.009020008399214336,,,,,,,,,,,,
494,,,,,,,0.008267254110627426,0.008267254110627426,0.008267254110627426,,,,,,,,,,,,
495,,,,,,,0.008000849666591382,0.008000849666591382,0.008000849666591382,,,,,,,,,,,,
496,,,,,,,0.008574269163234687,0.008574269163234687,0.008574269163234687,,,,,,,,,,,,
497,,,,,,,0.00890475182165929,0.00890475182165929,0.00890475182165929,,,,,,,,,,,,
498,,,,,,,0.007605703516283885,0.007605703516283885,0.007605703516283885,,,,,,,,,,,,
499,,,,,,,0.008368346346260583,0.008368346346260583,0.008368346346260583,,,,,,,,,,,,
500,,,,,,,0.00857195693929412,0.00857195693929412,0.00857195693929412,,,,,,,,,,,,
501,,,,,,,0.008731229699005175,0.008731229699005175,0.008731229699005175,,,,,,,,,,,,
502,,,,,,,0.008259740585711236,0.008259740585711236,0.008259740585711236,,,,,,,,,,,,
503,,,,,,,0.008795876861437658,0.008795876861437658,0.008795876861437658,,,,,,,,,,,,
504,,,,,,,0.009041427899935603,0.009041427899935603,0.009041427899935603,,,,,,,,,,,,
505,,,,,,,0.008669947594781876,0.008669947594781876,0.008669947594781876,,,,,,,,,,,,
506,,,,,,,0.008392895233249431,0.008392895233249431,0.008392895233249431,,,,,,,,,,,,
507,,,,,,,0.008303893461185681,0.008303893461185681,0.008303893461185681,,,,,,,,,,,,
508,,,,,,,0.001289880904295227,0.001289880904295227,0.001289880904295227,,,,,,,,,,,,
509,,,,,,,0.0013851668493882166,0.0013851668493882166,0.0013851668493882166,,,,,,,,,,,,
510,,,,,,,0.004669955344289264,0.004669955344289264,0.004669955344289264,,,,,,,,,,,,
511,,,,,,,0.00727913962084374,0.00727913962084374,0.00727913962084374,,,,,,,,,,,,
512,,,,,,,0.00698524846723798,0.00698524846723798,0.00698524846723798,,,,,,,,,,,,
513,,,,,,,0.0062158654258361165,0.0062158654258361165,0.0062158654258361165,,,,,,,,,,,,
514,,,,,,,0.006033878680602689,0.006033878680602689,0.006033878680602689,,,,,,,,,,,,
515,,,,,,,0.005835096642114759,0.005835096642114759,0.005835096642114759,,,,,,,,,,,,
516,,,,,,,0.006388381659418861,0.006388381659418861,0.006388381659418861,,,,,,,,,,,,
517,,,,,,,0.006165264647644447,0.006165264647644447,0.006165264647644447,,,,,,,,,,,,
518,,,,,,,0.005336616777406607,0.005336616777406607,0.005336616777406607,,,,,,,,,,,,
519,,,,,,,0.005794920892626732,0.005794920892626732,0.005794920892626732,,,,,,,,,,,,
520,,,,,,,0.005910424512215832,0.005910424512215832,0.005910424512215832,,,,,,,,,,,,
521,,,,,,,0.00597408416457735,0.00597408416457735,0.00597408416457735,,,,,,,,,,,,
522,,,,,,,0.006272533211157543,0.006272533211157543,0.006272533211157543,,,,,,,,,,,,
523,,,,,,,0.006055990063626676,0.006055990063626676,0.006055990063626676,,,,,,,,,,,,
524,,,,,,,0.005644838420706907,0.005644838420706907,0.005644838420706907,,,,,,,,,,,,
525,,,,,,,0.005716765471022072,0.005716765471022072,0.005716765471022072,,,,,,,,,,,,
526,,,,,,,0.006065365096413843,0.006065365096413843,0.006065365096413843,,,,,,,,,,,,
527,,,,,,,0.006721801406255536,0.006721801406255536,0.006721801406255536,,,,,,,,,,,,
528,,,,,,,0.0073715931315441125,0.0073715931315441125,0.0073715931315441125,,,,,,,,,,,,
529,,,,,,,0.00684926717482725,0.00684926717482725,0.00684926717482725,,,,,,,,,,,,
530,,,,,,,0.00641609994029255,0.00641609994029255,0.00641609994029255,,,,,,,,,,,,
531,,,,,,,0.006002425740059981,0.006002425740059981,0.006002425740059981,,,,,,,,,,,,
532,,,,,,,0.005373116051676618,0.005373116051676618,0.005373116051676618,,,,,,,,,,,,
533,,,,,,,0.005370349236245713,0.005370349236245713,0.005370349236245713,,,,,,,,,,,,
534,,,,,,,0.004979149780614923,0.004979149780614923,0.004979149780614923,,,,,,,,,,,,
535,,,,,,,0.006451598236640177,0.006451598236640177,0.006451598236640177,,,,,,,,,,,,
536,,,,,,,0.007116911497518139,0.007116911497518139,0.007116911497518139,,,,,,,,,,,,
537,,,,,,,0.006975471721861897,0.006975471721861897,0.006975471721861897,,,,,,,,,,,,
538,,,,,,,0.006464087292783152,0.006464087292783152,0.006464087292783152,,,,,,,,,,,,
539,,,,,,,0.001187440916837881,0.001187440916837881,0.001187440916837881,,,,,,,,,,,,
540,,,,,,,0.0010674982536329962,0.0010674982536329962,0.0010674982536329962,,,,,,,,,,,,
541,,,,,,,0.003186218541275255,0.003186218541275255,0.003186218541275255,,,,,,,,,,,,
542,,,,,,,0.005304271966387771,0.005304271966387771,0.005304271966387771,,,,,,,,,,,,
543,,,,,,,0.00678354504705033,0.00678354504705033,0.00678354504705033,,,,,,,,,,,,
544,,,,,,,0.00642668593465763,0.00642668593465763,0.00642668593465763,,,,,,,,,,,,
545,,,,,,,0.005562177326907963,0.005562177326907963,0.005562177326907963,,,,,,,,,,,,
546,,,,,,,0.004656427789143489,0.004656427789143489,0.004656427789143489,,,,,,,,,,,,
547,,,,,,,0.004787429121807483,0.004787429121807483,0.004787429121807483,,,,,,,,,,,,
548,,,,,,,0.005168426543219633,0.005168426543219633,0.005168426543219633,,,,,,,,,,,,
549,,,,,,,0.005426604229728415,0.005426604229728415,0.005426604229728415,,,,,,,,,,,,
550,,,,,,,0.005887424571535337,0.005887424571535337,0.005887424571535337,,,,,,,,,,,,
551,,,,,,,0.006266505557492972,0.006266505557492972,0.006266505557492972,,,,,,,,,,,,
552,,,,,,,0.006002405987874931,0.006002405987874931,0.006002405987874931,,,,,,,,,,,,
553,,,,,,,0.006088730499317233,0.006088730499317233,0.006088730499317233,,,,,,,,,,,,
554,,,,,,,0.0052032327271441395,0.0052032327271441395,0.0052032327271441395,,,,,,,,,,,,
555,,,,,,,0.005144348056015013,0.005144348056015013,0.005144348056015013,,,,,,,,,,,,
556,,,,,,,0.005898424435960489,0.005898424435960489,0.005898424435960489,,,,,,,,,,,,
557,,,,,,,0.0069008433690825495,0.0069008433690825495,0.0069008433690825495,,,,,,,,,,,,
558,,,,,,,0.006194124738877913,0.006194124738877913,0.006194124738877913,,,,,,,,,,,,
559,,,,,,,0.005312660902146587,0.005312660902146587,0.005312660902146587,,,,,,,,,,,,
560,,,,,,,0.005472073686177916,0.005472073686177916,0.005472073686177916,,,,,,,,,,,,
561,,,,,,,0.005281091372681362,0.005281091372681362,0.005281091372681362,,,,,,,,,,,,
562,,,,,,,0.0055011823697310065,0.0055011823697310065,0.0055011823697310065,,,,,,,,,,,,
563,,,,,,,0.0053223297860020904,0.0053223297860020904,0.0053223297860020904,,,,,,,,,,,,
564,,,,,,,0.005592883070468885,0.005592883070468885,0.005592883070468885,,,,,,,,,,,,
565,,,,,,,0.006125908736585307,0.006125908736585307,0.006125908736585307,,,,,,,,,,,,
566,,,,,,,0.006322270620947671,0.006322270620947671,0.006322270620947671,,,,,,,,,,,,
567,,,,,,,0.0064065465427316426,0.0064065465427316426,0.0064065465427316426,,,,,,,,,,,,
568,,,,,,,0.007371616645521771,0.007371616645521771,0.007371616645521771,,,,,,,,,,,,
569,,,,,,,0.008242664270573448,0.008242664270573448,0.008242664270573448,,,,,,,,,,,,
570,,,,,,,0.006242700141212436,0.006242700141212436,0.006242700141212436,,,,,,,,,,,,
571,,,,,,,0.005654073392391494,0.005654073392391494,0.005654073392391494,,,,,,,,,,,,
572,,,,,,,0.005237806343889625,0.005237806343889625,0.005237806343889625,,,,,,,,,,,,
573,,,,,,,0.0056675563096306525,0.0056675563096306525,0.0056675563096306525,,,,,,,,,,,,
574,,,,,,,0.006122375204266621,0.006122375204266621,0.006122375204266621,,,,,,,,,,,,
575,,,,,,,0.005693431306154875,0.005693431306154875,0.005693431306154875,,,,,,,,,,,,
576,,,,,,,0.005594981212478406,0.005594981212478406,0.005594981212478406,,,,,,,,,,,,
577,,,,,,,0.0058346558642241855,0.0058346558642241855,0.0058346558642241855,,,,,,,,,,,,
578,,,,,,,0.006302865058775332,0.006302865058775332,0.006302865058775332,,,,,,,,,,,,
579,,,,,,,0.007445801276634771,0.007445801276634771,0.007445801276634771,,,,,,,,,,,,
580,,,,,,,0.007517713483839737,0.007517713483839737,0.007517713483839737,,,,,,,,,,,,
581,,,,,,,0.006805018233600728,0.006805018233600728,0.006805018233600728,,,,,,,,,,,,
582,,,,,,,0.00596502558209518,0.00596502558209518,0.00596502558209518,,,,,,,,,,,,
583,,,,,,,0.005969750611371839,0.005969750611371839,0.005969750611371839,,,,,,,,,,,,
584,,,,,,,0.0068993007807365905,0.0068993007807365905,0.0068993007807365905,,,,,,,,,,,,
585,,,,,,,0.006581304371758015,0.006581304371758015,0.006581304371758015,,,,,,,,,,,,
586,,,,,,,0.006435782571249825,0.006435782571249825,0.006435782571249825,,,,,,,,,,,,
587,,,,,,,0.005716701823663661,0.005716701823663661,0.005716701823663661,,,,,,,,,,,,
588,,,,,,,0.005359778768208258,0.005359778768208258,0.005359778768208258,,,,,,,,,,,,
589,,,,,,,0.00583348950982633,0.00583348950982633,0.00583348950982633,,,,,,,,,,,,
590,,,,,,,0.006210015951129259,0.006210015951129259,0.006210015951129259,,,,,,,,,,,,
591,,,,,,,0.0059876172051609566,0.0059876172051609566,0.0059876172051609566,,,,,,,,,,,,
592,,,,,,,0.0058759262612143775,0.0058759262612143775,0.0058759262612143775,,,,,,,,,,,,
593,,,,,,,0.006012631749556831,0.006012631749556831,0.006012631749556831,,,,,,,,,,,,
594,,,,,,,0.006661764872857805,0.006661764872857805,0.006661764872857805,,,,,,,,,,,,
595,,,,,,,0.007044064327224918,0.007044064327224918,0.007044064327224918,,,,,,,,,,,,
596,,,,,,,0.006513922258975536,0.006513922258975536,0.006513922258975536,,,,,,,,,,,,
597,,,,,,,0.005933665230137554,0.005933665230137554,0.005933665230137554,,,,,,,,,,,,
598,,,,,,,0.005586058273096964,0.005586058273096964,0.005586058273096964,,,,,,,,,,,,
599,,,,,,,0.005976250132761152,0.005976250132761152,0.005976250132761152,,,,,,,,,,,,
600,,,,,,,0.006150568952562623,0.006150568952562623,0.006150568952562623,,,,,,,,,,,,
601,,,,,,,0.0054342188771585795,0.0054342188771585795,0.0054342188771585795,,,,,,,,,,,,
602,,,,,,,0.005537239860740791,0.005537239860740791,0.005537239860740791,,,,,,,,,,,,
603,,,,,,,0.0056307119181024925,0.0056307119181024925,0.0056307119181024925,,,,,,,,,,,,
604,,,,,,,0.005739849256737216,0.005739849256737216,0.005739849256737216,,,,,,,,,,,,
605,,,,,,,0.005737856467021111,0.005737856467021111,0.005737856467021111,,,,,,,,,,,,
606,,,,,,,0.00591614690534911,0.00591614690534911,0.00591614690534911,,,,,,,,,,,,
607,,,,,,,0.0056116737657227155,0.0056116737657227155,0.0056116737657227155,,,,,,,,,,,,
608,,,,,,,0.005953756993770834,0.005953756993770834,0.005953756993770834,,,,,,,,,,,,
609,,,,,,,0.00658194712477876,0.00658194712477876,0.00658194712477876,,,,,,,,,,,,
610,,,,,,,0.006724361266208127,0.006724361266208127,0.006724361266208127,,,,,,,,,,,,
611,,,,,,,0.00628098629865254,0.00628098629865254,0.00628098629865254,,,,,,,,,,,,
612,,,,,,,0.006045652418185938,0.006045652418185938,0.006045652418185938,,,,,,,,,,,,
613,,,,,,,0.0063309058170745785,0.0063309058170745785,0.0063309058170745785,,,,,,,,,,,,
614,,,,,,,0.006776423096241759,0.006776423096241759,0.006776423096241759,,,,,,,,,,,,
615,,,,,,,0.006632662793400412,0.006632662793400412,0.006632662793400412,,,,,,,,,,,,
616,,,,,,,0.00651594554643656,0.00651594554643656,0.00651594554643656,,,,,,,,,,,,
617,,,,,,,0.006955217304245905,0.006955217304245905,0.006955217304245905,,,,,,,,,,,,
618,,,,,,,0.00677487701977195,0.00677487701977195,0.00677487701977195,,,,,,,,,,,,
619,,,,,,,0.006830988402347496,0.006830988402347496,0.006830988402347496,,,,,,,,,,,,
620,,,,,,,0.006137426078853475,0.006137426078853475,0.006137426078853475,,,,,,,,,,,,
621,,,,,,,0.005753048283488712,0.005753048283488712,0.005753048283488712,,,,,,,,,,,,
622,,,,,,,0.0058028502755840625,0.0058028502755840625,0.0058028502755840625,,,,,,,,,,,,
623,,,,,,,0.006338666488811965,0.006338666488811965,0.006338666488811965,,,,,,,,,,,,
624,,,,,,,0.006482683566869883,0.006482683566869883,0.006482683566869883,,,,,,,,,,,,
625,,,,,,,0.00619633283857545,0.00619633283857545,0.00619633283857545,,,,,,,,,,,,
626,,,,,,,0.005811645834745197,0.005811645834745197,0.005811645834745197,,,,,,,,,,,,
627,,,,,,,0.006019066482393442,0.006019066482393442,0.006019066482393442,,,,,,,,,,,,
628,,,,,,,0.006124633944119677,0.006124633944119677,0.006124633944119677,,,,,,,,,,,,
629,,,,,,,0.006023533048289042,0.006023533048289042,0.006023533048289042,,,,,,,,,,,,
630,,,,,,,0.006139023347296878,0.006139023347296878,0.006139023347296878,,,,,,,,,,,,
631,,,,,,,0.006266315293981025,0.006266315293981025,0.006266315293981025,,,,,,,,,,,,
632,,,,,,,0.006558704212685778,0.006558704212685778,0.006558704212685778,,,,,,,,,,,,
633,,,,,,,0.005760258699369494,0.005760258699369494,0.005760258699369494,,,,,,,,,,,,
634,,,,,,,0.006239536919603878,0.006239536919603878,0.006239536919603878,,,,,,,,,,,,
635,,,,,,,0.006874729323216751,0.006874729323216751,0.006874729323216751,,,,,,,,,,,,
636,,,,,,,0.006978886905797842,0.006978886905797842,0.006978886905797842,,,,,,,,,,,,
637,,,,,,,0.007293691486066895,0.007293691486066895,0.007293691486066895,,,,,,,,,,,,
638,,,,,,,0.00712025794672146,0.00712025794672146,0.00712025794672146,,,,,,,,,,,,
639,,,,,,,0.007393503475837584,0.007393503475837584,0.007393503475837584,,,,,,,,,,,,
640,,,,,,,0.007118971153756727,0.007118971153756727,0.007118971153756727,,,,,,,,,,,,
641,,,,,,,0.00707541431529805,0.00707541431529805,0.00707541431529805,,,,,,,,,,,,
642,,,,,,,0.0074672783978362665,0.0074672783978362665,0.0074672783978362665,,,,,,,,,,,,
643,,,,,,,0.007006079692879056,0.007006079692879056,0.007006079692879056,,,,,,,,,,,,
644,,,,,,,0.006068259280262594,0.006068259280262594,0.006068259280262594,,,,,,,,,,,,
645,,,,,,,0.005921739931695823,0.005921739931695823,0.005921739931695823,,,,,,,,,,,,
646,,,,,,,0.0065281133682595,0.0065281133682595,0.0065281133682595,,,,,,,,,,,,
647,,,,,,,0.006285907841454986,0.006285907841454986,0.006285907841454986,,,,,,,,,,,,
648,,,,,,,0.006272950823786193,0.006272950823786193,0.006272950823786193,,,,,,,,,,,,
649,,,,,,,0.006898777753570816,0.006898777753570816,0.006898777753570816,,,,,,,,,,,,
650,,,,,,,0.00662388840130837,0.00662388840130837,0.00662388840130837,,,,,,,,,,,,
651,,,,,,,0.006589468744630121,0.006589468744630121,0.006589468744630121,,,,,,,,,,,,
652,,,,,,,0.006687783442323329,0.006687783442323329,0.006687783442323329,,,,,,,,,,,,
653,,,,,,,0.006863249102370396,0.006863249102370396,0.006863249102370396,,,,,,,,,,,,
654,,,,,,,0.006793318514632136,0.006793318514632136,0.006793318514632136,,,,,,,,,,,,
655,,,,,,,0.00695814617149197,0.00695814617149197,0.00695814617149197,,,,,,,,,,,,
656,,,,,,,0.001013478963285534,0.001013478963285534,0.001013478963285534,,,,,,,,,,,,
657,,,,,,,0.0009800873099318176,0.0009800873099318176,0.0009800873099318176,,,,,,,,,,,,
