,boston | direct | sketch_size = m/4 = 126 | residual_norms (median),boston | direct | sketch_size = m/4 = 126 | residual_norms (1st quartile),boston | direct | sketch_size = m/4 = 126 | residual_norms (3rd quartile),boston | cg | sketch_size = m/4 = 126 | residual_norms (median),boston | cg | sketch_size = m/4 = 126 | residual_norms (1st quartile),boston | cg | sketch_size = m/4 = 126 | residual_norms (3rd quartile),boston | subsample | sketch_size = m/4 = 126 | residual_norms (median),boston | subsample | sketch_size = m/4 = 126 | residual_norms (1st quartile),boston | subsample | sketch_size = m/4 = 126 | residual_norms (3rd quartile),boston | count | sketch_size = m/4 = 126 | residual_norms (median),boston | count | sketch_size = m/4 = 126 | residual_norms (1st quartile),boston | count | sketch_size = m/4 = 126 | residual_norms (3rd quartile)
0,1.778682603210365e-16,1.778682603210365e-16,1.778682603210365e-16,1.0,1.0,1.0,1.0,1.0,1.0,1.0,1.0,1.0
1,,,,0.4078288233499317,0.4078288233499317,0.4078288233499317,0.8616321558006892,0.846117232414625,0.8653781679237037,0.8601232497275926,0.857744456375111,0.8674344361215779
2,,,,0.07299351650883554,0.07299351650883554,0.07299351650883554,0.7380140083374946,0.733511382780337,0.7482022673934912,0.752489924379663,0.7387173166279758,0.7612711745526655
3,,,,0.018654564600650167,0.018654564600650167,0.018654564600650167,0.6438100210550011,0.6395918148524302,0.6464439458339414,0.6526648789597099,0.6374295349101711,0.6634652671547965
4,,,,0.004560117133373773,0.004560117133373773,0.004560117133373773,0.5448876538861838,0.5359903815469186,0.5619977496002466,0.557852667085381,0.5465293317881719,0.5659989267834977
5,,,,0.0017250565200370369,0.0017250565200370369,0.0017250565200370369,0.47028985080622265,0.46020256701025686,0.4805439888144887,0.4826687886289004,0.46727949477995334,0.4955716093843713
6,,,,0.0016095009540008645,0.0016095009540008645,0.0016095009540008645,0.40882786360713286,0.3893539927600964,0.4113677115645569,0.41626911680418377,0.4045791707110667,0.42116869530229284
7,,,,0.0019355758824524442,0.0019355758824524442,0.0019355758824524442,0.34131002900486146,0.3357107380748364,0.35130841421953607,0.3597167603152075,0.34806152998260464,0.36544738113953035
8,,,,0.002719214275221929,0.002719214275221929,0.002719214275221929,0.29008799635755,0.2785500569226665,0.3115888377579168,0.30862265292419605,0.30187352696831093,0.3098004148495252
9,,,,0.003616393875305524,0.003616393875305524,0.003616393875305524,0.26010072331354117,0.24425674785791704,0.2674248708034028,0.2656268563994113,0.26177453647742593,0.2705710344918809
10,,,,0.0037836639234441077,0.0037836639234441077,0.0037836639234441077,0.2334744029188484,0.19836012509836626,0.24774120440144431,0.23067077588242227,0.22862604100597417,0.23494592408282783
11,,,,0.00292929487983923,0.00292929487983923,0.00292929487983923,0.18449960360391915,0.16449153835138608,0.20948784828145922,0.19900984042606626,0.19814514066491606,0.20083998509991854
12,,,,0.001727019427305449,0.001727019427305449,0.001727019427305449,0.16659491515454,0.13401518793133932,0.17670667726775274,0.17228459860654743,0.1705675297842683,0.1755836271142995
13,,,,0.0008589665536288742,0.0008589665536288742,0.0008589665536288742,0.1431980815299091,0.11808186872296414,0.15329412972409168,0.14839010100074046,0.14461231446868492,0.15104666253126386
14,,,,0.0005923758819899431,0.0005923758819899431,0.0005923758819899431,0.12783461736875096,0.11420816916940063,0.14475448808621608,0.1273733051275831,0.1248830812186126,0.1329684924639402
15,,,,0.0003228220339627111,0.0003228220339627111,0.0003228220339627111,0.11203597176453223,0.10645316150492655,0.12038224385917248,0.11028719514196902,0.10949265842955844,0.11339831185147514
16,,,,0.00018698378195599623,0.00018698378195599623,0.00018698378195599623,0.10155803712767437,0.08320310469303127,0.11048183381424238,0.09420945974326603,0.09336420043673482,0.09627369888805942
17,,,,0.00010574530524162951,0.00010574530524162951,0.00010574530524162951,0.08418916784230629,0.06315158925897976,0.09439583260192261,0.08153375916190768,0.0798647311628169,0.08303414105953662
18,,,,2.8087176013482327e-05,2.8087176013482327e-05,2.8087176013482327e-05,0.07036493857754605,0.0589307821079462,0.08149210986483443,0.07104541751086083,0.07058308059398397,0.07176217261413032
19,,,,,,,0.0606210245369798,0.0389599888098104,0.08124844767061201,0.0620526134195135,0.060311963463853396,0.06327167628351127
20,,,,,,,0.053926830547272306,0.02199947928153111,0.07075041188355793,0.054216821424927536,0.05206641143715017,0.056060472745985225
21,,,,,,,0.03229353238878916,0.018854743216944882,0.06317556496504394,0.04750260502524012,0.04547740194889072,0.04858004394706501
22,,,,,,,0.03221587462173399,0.018768632005253225,0.043762525010021314,0.04098512808364349,0.04001629491447668,0.042297381726610545
23,,,,,,,0.03201414992820599,0.01753559172563751,0.04377476995777531,0.035691087398798504,0.034184984146196466,0.03667754439882162
24,,,,,,,0.008600660222845006,0.0062943063313479096,0.030989850446070777,0.031334885432761875,0.02999370961131169,0.03221915983740442
25,,,,,,,0.010622753273245016,0.0071948698473503735,0.030665733051351004,0.02726702523015139,0.02631998761751437,0.028678378483027518
26,,,,,,,0.008449316942058988,0.005768860215093104,0.011026406811885507,0.024204005851772244,0.02287922931792172,0.02499558793169332
27,,,,,,,0.00728980754987862,0.004362482450565647,0.01115190062215148,0.021003088967510783,0.01995038693378167,0.022224476508582447
28,,,,,,,0.003961943160341788,0.0033979551105479252,0.005170453285021421,0.018567006750679474,0.017419435728963414,0.01939836712267406
29,,,,,,,0.004424274677695719,0.0034200473914281736,0.007009275058961854,0.016134738714816913,0.015214651378732381,0.016590931303881253
30,,,,,,,0.0035250405645662103,0.0014133528104064137,0.007179934434014204,0.013839672960854348,0.013234602905858093,0.01444330562615316
31,,,,,,,0.0026087562441662986,0.0012810807809480284,0.005466395028729991,0.011958038587829838,0.011493235851150585,0.012896161808361423
32,,,,,,,0.0025479818637475027,0.0013110072917271898,0.005042468793034229,0.010667767932979046,0.009991968857951098,0.011516906651337814
33,,,,,,,0.0021049465047321674,0.0010259192116389838,0.0041540850807417215,0.009458751749738502,0.008979348880476443,0.010025816734918019
34,,,,,,,0.0011211297007533661,0.0009525243480545082,0.0032506904840653196,0.008354997645772848,0.007853069149212404,0.008906374984622427
35,,,,,,,0.0011002370245942077,0.0006789784044910589,0.0030939073872056264,0.007448102645076407,0.006899968311907966,0.007995153943548773
36,,,,,,,0.0010750995702604668,0.0006698864233844926,0.002526350986888074,0.006546661851619104,0.006143351842293942,0.007160910025168753
37,,,,,,,0.001001966821287796,0.00048175678670049957,0.0025019927248640813,0.005827661332168586,0.005327418238646183,0.006376061401255054
38,,,,,,,0.001056890814766773,0.0003691753532533916,0.0015718507462749876,0.005129483625437036,0.004743164783498745,0.005625311187840273
39,,,,,,,0.0006527157390048164,0.0002526169418455281,0.0018057250973125757,0.0046325056142726305,0.004208377925675871,0.004919886881794749
40,,,,,,,0.000426363556804419,0.0002998018714497102,0.0009523270456286869,0.004187790343046559,0.0038417215511875854,0.004476846177668952
41,,,,,,,0.00043914655708577477,0.00024349210580593397,0.0009914598093028085,0.0037855734399182377,0.003394154159709484,0.004116138990939386
42,,,,,,,0.000378549871770636,0.00018326729259845066,0.0010056089061577628,0.0034565380349463634,0.0030979765824158375,0.0037202378767522194
43,,,,,,,0.00038616269272072584,0.00017862970125098098,0.0008530248566182878,0.0031959077954358895,0.002794918639229751,0.003412323499781197
44,,,,,,,0.000387255175215337,0.00020325239149164424,0.000808398774595495,0.0028878499728429144,0.002519355865979136,0.0031319608250739263
45,,,,,,,0.0003847756472645427,0.00016449157701442404,0.0008220670751338306,0.002579944392826293,0.0023176573097106927,0.0029059253480016507
46,,,,,,,0.00038490375289073486,0.0001538049403478154,0.0005141844531124602,0.0023824477271369724,0.002143860747336777,0.002700309080362354
47,,,,,,,0.0002730784635240992,0.00015987414927133342,0.00048350591634799565,0.002252535872733454,0.0019927143805709346,0.0025299683740040895
48,,,,,,,0.00020157303117849493,7.722130525625076e-05,0.00034436301288810224,0.002074720477697313,0.0018337839297556295,0.0024099968750059234
49,,,,,,,0.00025808292349073205,3.428750933007855e-05,0.0003906769563664204,0.0019338467954421526,0.0017192622583349787,0.002307087746705094
50,,,,,,,0.00023068688389535507,4.2844188635536565e-05,0.0003125056523326199,0.0018093818299674959,0.0016650207648679113,0.0022272241070701217
51,,,,,,,0.0001897348163747033,2.213468436737888e-05,0.0002493397384774976,0.001744496548985753,0.0015838695852888132,0.0021676703510286233
52,,,,,,,0.00018719229030217776,0.0,0.00021976270906418383,0.0016792808244450582,0.0014885349516429954,0.0021155854566704086
53,,,,,,,0.0001818308522224548,0.0,0.00020321396271775523,0.001615630059822131,0.0014356775258484438,0.0020704383487532346
54,,,,,,,0.00011781197060167523,0.0,0.00018117298975203145,0.001556873496621813,0.0013595570486644904,0.002025590974754413
55,,,,,,,7.50023388065332e-05,0.0,0.00018084312451945622,0.0015163117146869804,0.0013090223427034535,0.0019956030460574897
56,,,,,,,7.06553417951643e-05,0.0,0.00018119389948070095,0.0014924842441926677,0.0012734154797624656,0.0019697200716718628
57,,,,,,,7.88966693135228e-05,0.0,0.0001920018553814591,0.0014562862739413132,0.0012427144567373114,0.0019563705736356917
58,,,,,,,7.500885340511193e-05,0.0,0.00019479373527466685,0.0014211188479049145,0.0012163137680199169,0.0019204564354364877
59,,,,,,,7.370330313298899e-05,0.0,0.00018159856589506938,0.0013998227098112603,0.0011968448128288742,0.0019151621730901965
60,,,,,,,5.5178821469036666e-05,0.0,0.00019295921437204416,0.0013936502951778424,0.0011787329726614482,0.0019195956234109004
61,,,,,,,6.522395834829952e-05,0.0,0.0002012394159089142,0.001383516197202068,0.0011303280366302322,0.0019025703400301778
62,,,,,,,6.804124686568385e-05,0.0,0.00018270126342552468,0.0013736137249985678,0.001109004708005523,0.0018846328777488012
63,,,,,,,6.772949920064512e-05,0.0,0.00014597626586552821,0.001362239618409469,0.0011111449591176552,0.001901461463871781
64,,,,,,,6.997175237479196e-05,0.0,0.00016681030026396336,0.0013022264219793693,0.0010911764037109823,0.0018925295245855694
65,,,,,,,7.0281248687702e-05,0.0,0.000174604210176462,0.0012999007272175142,0.0010585481946767995,0.0019355327509202856
66,,,,,,,6.98797307272932e-05,0.0,0.0001789906250485663,0.0013045000678618885,0.0010445791305812233,0.0019072630254614103
67,,,,,,,2.9365246195156117e-05,0.0,0.00017544921382475924,0.0012965255726102441,0.0010536663215591538,0.0019033983001565625
68,,,,,,,0.0,0.0,0.00017556414425656014,0.0012880519645967496,0.001052475554823157,0.0018967936000726018
69,,,,,,,0.0,0.0,0.00017558926557806494,0.001289018363548725,0.0010547760605184855,0.001856943689190945
70,,,,,,,0.0,0.0,0.00017561974897560662,0.0012987148984283075,0.00105812226832484,0.0018622787743581715
71,,,,,,,0.0,0.0,0.00017563035429687428,0.001301772668630999,0.0010366953919202948,0.0018423514279417318
72,,,,,,,0.0,0.0,0.00013855486203841053,0.001293225764500245,0.001036015201145987,0.0018074450203866676
73,,,,,,,0.0,0.0,0.00013222772719586473,0.0013027661457385422,0.0010431046564314454,0.0018228852199747136
74,,,,,,,0.0,0.0,0.0001155019446500338,0.0013051265376007588,0.0010404448352664655,0.0018406200530119044
75,,,,,,,0.0,0.0,5.5257489870680136e-05,0.0012961408039949577,0.001042182421155357,0.00183408725964883
76,,,,,,,0.0,0.0,0.0,0.0012981471324756554,0.0010426772370634911,0.0018099497183190535
77,,,,,,,0.0,0.0,0.0,0.0012984536468922713,0.0010394005759128185,0.0018083437652184641
78,,,,,,,0.0,0.0,0.0,0.0012975295204235963,0.0010168016049289896,0.0018025406200262498
79,,,,,,,0.0,0.0,0.0,0.0012840536554645295,0.0009877348732329403,0.001838041060697505
80,,,,,,,0.0,0.0,0.0,0.0012788867673226595,0.0009864792403345497,0.0018068461391289813
81,,,,,,,0.0,0.0,0.0,0.0012728850234749248,0.0010033855196536436,0.001814802627600131
82,,,,,,,0.0,0.0,0.0,0.0012517651840280482,0.0010190606490714117,0.0018444698253941363
83,,,,,,,0.0,0.0,0.0,0.0012553415996495684,0.0010230288260689622,0.0018565669956964043
84,,,,,,,0.0,0.0,0.0,0.001270527976622244,0.0010207102911240194,0.0018384009171072055
85,,,,,,,0.0,0.0,0.0,0.0012828501485574462,0.0010155870737096214,0.0017724604679000492
86,,,,,,,0.0,0.0,0.0,0.001296510885228445,0.0010056507234401314,0.001761348378312976
87,,,,,,,0.0,0.0,0.0,0.0013043934055607348,0.0010138184367919911,0.0017950050757174543
88,,,,,,,0.0,0.0,0.0,0.001294406639629693,0.0010119106140636712,0.0018130625620703211
89,,,,,,,0.0,0.0,0.0,0.001293961245755786,0.0010150819150581475,0.0018328508697825958
90,,,,,,,0.0,0.0,0.0,0.001270016203285028,0.0010081399897810955,0.0018212202839271664
91,,,,,,,0.0,0.0,0.0,0.001259202898710972,0.001014791031270801,0.0017890988386764554
92,,,,,,,0.0,0.0,0.0,0.0012600073163217384,0.001027961351621864,0.0017959881867311307
93,,,,,,,0.0,0.0,0.0,0.001264139447778223,0.001009647399170845,0.0017987896149713094
94,,,,,,,0.0,0.0,0.0,0.0012561787829467454,0.0010097666350016897,0.001768193384923197
95,,,,,,,0.0,0.0,0.0,0.0012473558272127088,0.0010198336638058954,0.0017854590437696356
96,,,,,,,0.0,0.0,0.0,0.0012434265138401934,0.0010213571183833499,0.0017910812966081809
97,,,,,,,0.0,0.0,0.0,0.0012422630591420042,0.0010133573857377452,0.0017961052028703274
98,,,,,,,0.0,0.0,0.0,0.0012632762076550575,0.0010192379014373413,0.0018200789333881252
99,,,,,,,0.0,0.0,0.0,0.00127151950320047,0.001020937869360998,0.0018129727738592947
100,,,,,,,0.0,0.0,0.0,0.001275389344803768,0.0009924386518384838,0.0018184564694244385
101,,,,,,,0.0,0.0,0.0,0.0012547541378458817,0.00099493800618712,0.001811427045461495
102,,,,,,,0.0,0.0,0.0,0.0012645636421093817,0.00100791049310763,0.0017950934348765434
103,,,,,,,0.0,0.0,0.0,0.0012811054452917263,0.0010121741445652422,0.0017906003073400478
104,,,,,,,0.0,0.0,0.0,0.0012814369124996886,0.0010104634571891432,0.0018012609771206115
105,,,,,,,0.0,0.0,0.0,0.0012658948545975087,0.001006017929130304,0.0018242183527150155
106,,,,,,,0.0,0.0,0.0,0.0012562928346623026,0.001011128821711506,0.0018304335695426678
107,,,,,,,0.0,0.0,0.0,0.0012802209405145205,0.0010075448926269597,0.0018293185820733918
108,,,,,,,0.0,0.0,0.0,0.001256567631477913,0.000995008491078417,0.0018509798401141993
109,,,,,,,0.0,0.0,0.0,0.0012486271061106168,0.0009745419026699921,0.0018764121573399744
110,,,,,,,0.0,0.0,0.0,0.001262847566368251,0.0009809879884713052,0.0018837276741788644
111,,,,,,,0.0,0.0,0.0,0.0012537538616178715,0.001001126933201908,0.0018559972528375372
112,,,,,,,0.0,0.0,0.0,0.0012653631603066159,0.0010099160012862858,0.0018395956352836654
113,,,,,,,0.0,0.0,0.0,0.0012539322386881263,0.0009995102684175366,0.0018348950880959494
114,,,,,,,0.0,0.0,0.0,0.0012464933745778741,0.001001208618795898,0.0018114519983517428
115,,,,,,,0.0,0.0,0.0,0.001258988373835825,0.0010004354910519082,0.0018321303624059646
116,,,,,,,0.0,0.0,0.0,0.0012436178432915584,0.0010073907613236974,0.001820719252562818
117,,,,,,,0.0,0.0,0.0,0.0012443313736680748,0.0009880908760684923,0.00183676373323433
118,,,,,,,0.0,0.0,0.0,0.0012513049561644761,0.0009899607457349948,0.0018133745188506237
119,,,,,,,,,,0.0012786460124182147,0.0009886498649148596,0.0017861506746781075
120,,,,,,,,,,0.0012833616241681844,0.0009717279632258996,0.0018074028837835624
121,,,,,,,,,,0.0012812602168390925,0.0009729529416002782,0.0018021119978315942
122,,,,,,,,,,0.001293722857619781,0.0009824913334320884,0.0017691742516352331
123,,,,,,,,,,0.0012899369471615508,0.0009759448283777517,0.0017717797009753268
124,,,,,,,,,,0.0012826355284845507,0.0009806947124913461,0.00175357528841893
125,,,,,,,,,,0.0012562474220638468,0.0009678075799857813,0.0017268164143146173
126,,,,,,,,,,0.0012653420857822667,0.0009752011098962413,0.0017472578727294448
127,,,,,,,,,,0.0012549519045361418,0.000991120612494296,0.0017844516960672605
128,,,,,,,,,,0.001263727811868507,0.000982448784009654,0.0017940570238361344
129,,,,,,,,,,0.0012733360752903156,0.0009786623502049054,0.0017707164863433474
130,,,,,,,,,,0.0012757246186881205,0.0009627250256231603,0.0017806579361285791
131,,,,,,,,,,0.0012903989707244955,0.0009849106882102194,0.0018067300159149337
132,,,,,,,,,,0.0013082813901465493,0.0010126035509411741,0.0018417643593737123
133,,,,,,,,,,0.0013103142761546499,0.0010048441659064964,0.0017989314339149534
134,,,,,,,,,,0.0013028674537255524,0.001005583534354383,0.001876769632908951
135,,,,,,,,,,0.0012743899923520579,0.0010001109215921145,0.0018998346592538125
136,,,,,,,,,,0.0012652399702363425,0.0009988723764692191,0.0019019857655988247
137,,,,,,,,,,0.0012669348815000773,0.0009973731443319012,0.0018575697239120066
138,,,,,,,,,,0.001276220040513654,0.0010054193943583698,0.00185566342543819
139,,,,,,,,,,0.0012664048284406833,0.0010107834966991895,0.001857583053317513
140,,,,,,,,,,0.001250549369367378,0.001005374874025071,0.0018405816084871587
141,,,,,,,,,,0.0012560511381556343,0.0010108784704160453,0.0018359869926479321
142,,,,,,,,,,0.001251311915808839,0.0010113109754143514,0.0018538601938946876
143,,,,,,,,,,0.0012479258377299917,0.0009853929845130744,0.0018559028198812401
144,,,,,,,,,,0.0012589227561879955,0.000990322665689518,0.0018205603063187292
145,,,,,,,,,,0.0012526081164551109,0.0009981143685087724,0.0018143916054371482
146,,,,,,,,,,0.0012391695146872646,0.0009962857791775905,0.0018243101996185543
147,,,,,,,,,,0.0012395667358875801,0.0009893780508489851,0.001786160325503148
148,,,,,,,,,,0.0012127587283164638,0.0009914056787511986,0.0017983273520346893
149,,,,,,,,,,0.0012179902076326138,0.00097880358748521,0.0017974681182203332
150,,,,,,,,,,0.0012082488113516155,0.0009886199093538128,0.0017828377078544463
151,,,,,,,,,,0.0012538483599157455,0.0009909776916339214,0.001808453860577731
152,,,,,,,,,,0.0012711647049824287,0.0010129361952327647,0.0018062779327546433
153,,,,,,,,,,0.0012725850799937693,0.0010143806955012647,0.0017958567048501084
154,,,,,,,,,,0.0012849781508470217,0.0010183939821177836,0.0018153866303818062
155,,,,,,,,,,0.0012837454235284543,0.0009843495605555003,0.0017917517606163083
156,,,,,,,,,,0.0012760921513488845,0.0009735906388794837,0.0017340675377587643
157,,,,,,,,,,0.0012468356113443397,0.0009606390154497707,0.0016931811569519633
158,,,,,,,,,,0.001245487199049054,0.0009581938073049414,0.0017107082805432952
159,,,,,,,,,,0.001273094370722596,0.0009770433880338506,0.0017253242233562392
160,,,,,,,,,,0.0012813682561627921,0.0009782712090743565,0.0017398918810017812
161,,,,,,,,,,0.0012804517347295241,0.0009610928062836206,0.0017354171778995147
162,,,,,,,,,,0.0012882947820147786,0.0009717429940484517,0.0017344480701362817
163,,,,,,,,,,0.0012632987572217887,0.0009654987903326297,0.0017526272499312002
164,,,,,,,,,,0.0012595078132014996,0.0009570203294596714,0.0017004659180626905
165,,,,,,,,,,0.0012350594143132065,0.0009798737362442644,0.001686878910764366
166,,,,,,,,,,0.0012365563260058033,0.0009923191163923296,0.0017104975946135234
167,,,,,,,,,,0.0012392798447285636,0.0009959440849386073,0.0017257515238434612
168,,,,,,,,,,0.0012108285265332891,0.0009955220240320832,0.0017661457652645676
169,,,,,,,,,,0.0011938431298685877,0.0009855325176156243,0.001775246736299779
170,,,,,,,,,,0.0012180579150409153,0.0009725458803876506,0.0017672351224078924
171,,,,,,,,,,0.0012645057766440511,0.0009887799252932027,0.001760123046686781
172,,,,,,,,,,0.0012827920904706887,0.001002775794847949,0.0017551158663598244
173,,,,,,,,,,0.0012973617289431265,0.001018837349047767,0.0017756738164719126
174,,,,,,,,,,0.0012772586773348888,0.0010079242512635693,0.0017647854250738824
175,,,,,,,,,,0.0012745240708425549,0.0009950721321627539,0.0017952111040370094
176,,,,,,,,,,0.0012850373968008766,0.0009966533355802293,0.0018289109400395722
177,,,,,,,,,,0.0012845462102556494,0.0010004704024663936,0.0017718792766550117
178,,,,,,,,,,0.0012811651070416805,0.0010092129742903823,0.0017792767813624036
179,,,,,,,,,,0.0012858688119958953,0.0010080137516959525,0.0017790047659590482
180,,,,,,,,,,0.0012892143402020665,0.0010168696902128072,0.001782273547400909
181,,,,,,,,,,0.0012843048507831835,0.0010048513842773933,0.0017856200312696803
182,,,,,,,,,,0.0012894864674354552,0.0010206186917154204,0.001770998303746272
183,,,,,,,,,,0.0013053336707506843,0.001049312064268186,0.0018011397627011366
184,,,,,,,,,,0.0013165802251267505,0.0010262558874255493,0.0018309970036744854
185,,,,,,,,,,0.0012894193249042612,0.0010146813995091236,0.0017884521145256052
186,,,,,,,,,,0.0013070384531323675,0.0010123954569837576,0.0016997835719052051
187,,,,,,,,,,0.0012840395338798534,0.0010124333252467719,0.001721179394645837
188,,,,,,,,,,0.0012965789220111552,0.001004447598672175,0.0017276054763459433
189,,,,,,,,,,0.0012967956680723135,0.0009934255595672279,0.0017944000413002762
190,,,,,,,,,,0.001294121063681351,0.0010118905309531804,0.0017910329760645338
191,,,,,,,,,,0.001290924662523335,0.0009868754364854393,0.0017984679179488237
192,,,,,,,,,,0.0012767053016846303,0.0009818796926702265,0.0017728518190744825
193,,,,,,,,,,0.0012516011747420643,0.000984345308325507,0.0017601452132833043
194,,,,,,,,,,0.0012740882577317605,0.0009726242906751969,0.0017638798996612386
195,,,,,,,,,,0.0012590901152704783,0.0009746954658599454,0.0017644610682565993
196,,,,,,,,,,0.0012450171161816643,0.0009785086142555738,0.0017445482189209697
197,,,,,,,,,,0.0012673656314827714,0.0009821018206123315,0.0017510881144305254
198,,,,,,,,,,0.001252025688806869,0.0009963561316304434,0.0017429105058310937
199,,,,,,,,,,0.0012419018387958864,0.0010251645531839872,0.0017511560248603605
200,,,,,,,,,,0.0012563639503777447,0.0010053785230154436,0.0017709505541379943
201,,,,,,,,,,0.0012641407747280998,0.0010130466243457338,0.0017410976535804294
202,,,,,,,,,,0.0012639949794623088,0.0010002206944122662,0.0017373932870903591
203,,,,,,,,,,0.0012578742357494612,0.0009780728174124675,0.0017157892327187385
204,,,,,,,,,,0.0012798686313914534,0.00098283835224648,0.0017286754214883239
205,,,,,,,,,,0.0012611782972154488,0.001002958776920837,0.0017242835015072058
206,,,,,,,,,,0.001258578123342445,0.0010035928182878038,0.0017522744151626977
207,,,,,,,,,,0.0012760792931444894,0.0010090213887776393,0.0017534352624007578
208,,,,,,,,,,0.0012723100130556642,0.001025182522181956,0.001746562713176831
209,,,,,,,,,,0.001282522253440663,0.0010063500839120488,0.001744328910840722
210,,,,,,,,,,0.0012802606618107066,0.0010092856735997209,0.0017425376297254371
211,,,,,,,,,,0.0012514680467033018,0.0009928736639038937,0.0017743726027367054
212,,,,,,,,,,0.0012375624978640774,0.0009861796136951132,0.0017914593086922415
213,,,,,,,,,,0.0012527320598369235,0.0009750545662209226,0.0018069904655251786
214,,,,,,,,,,0.0012610310586751818,0.000977297653731657,0.0017991427888041948
215,,,,,,,,,,0.0012503336324811067,0.0009820070400808625,0.001783417244409947
216,,,,,,,,,,0.0012403873106188873,0.000972646248170531,0.0017476296171815811
217,,,,,,,,,,0.0012270339551233287,0.0009759908772047178,0.0017238993796511773
218,,,,,,,,,,0.0012503518129981903,0.00098676570737765,0.001709937602078604
219,,,,,,,,,,0.0012185713359570602,0.0009967378808049372,0.0016772745928017765
220,,,,,,,,,,0.001221692636454399,0.000979999642141609,0.0016596264504501672
221,,,,,,,,,,0.0012148929407263325,0.0009608742368218822,0.0016455707925323005
222,,,,,,,,,,0.0012366207743918388,0.000954732044482637,0.001662377567648095
223,,,,,,,,,,0.0012339030450384295,0.0009695088593610483,0.0016422564447879451
224,,,,,,,,,,0.0012098869541077224,0.0009749685533718896,0.0016636680753964643
225,,,,,,,,,,0.0011779823514928177,0.000980921382564706,0.0016525881103602548
226,,,,,,,,,,0.0011880603736871172,0.0009829505378904835,0.0016486417656609528
227,,,,,,,,,,0.001173163430839693,0.0009823340410498014,0.0016468011823758564
228,,,,,,,,,,0.0011723731189088385,0.0009693451825090923,0.001650029279593966
229,,,,,,,,,,0.001176133258725372,0.000944833275248171,0.0016516182645798256
230,,,,,,,,,,0.0011763413705324615,0.0009492387205900287,0.001632868843466215
231,,,,,,,,,,0.0011414627981014857,0.0009507131943551801,0.0016841688143435778
232,,,,,,,,,,0.001150956826427645,0.0009436484902135465,0.0016617598679509796
233,,,,,,,,,,0.0011429274410796365,0.000935857877030378,0.0016401408805545587
234,,,,,,,,,,0.0011362218905870494,0.0009414671127244984,0.001611386897515001
235,,,,,,,,,,0.0011336418770171107,0.0009445614042963908,0.0016073561627310286
236,,,,,,,,,,0.0011350045552780876,0.0009255839733859856,0.001565829042940891
237,,,,,,,,,,0.0011499548911075167,0.0009190513631909432,0.0016164325235737804
238,,,,,,,,,,0.0011375014062812473,0.000912136991369665,0.0016153109410361164
239,,,,,,,,,,0.0011297991454657947,0.0009100562788511667,0.0016128463421828687
240,,,,,,,,,,0.001113973120482101,0.0009227459987905139,0.0016290388467991427
241,,,,,,,,,,0.001095837125133394,0.000914265625379585,0.001624592364603616
242,,,,,,,,,,0.001086031601513234,0.0009271673740560497,0.0016258502981779852
243,,,,,,,,,,0.001074803192654651,0.0009146063041577981,0.0015440352597658996
244,,,,,,,,,,0.0010907969976304789,0.0009193973513078886,0.0015254836236855591
245,,,,,,,,,,0.0010954407941020667,0.0009066028959065333,0.0015349369615906255
246,,,,,,,,,,0.0010808694452284408,0.0008911703717665951,0.0015587141589077109
247,,,,,,,,,,0.001080183949866152,0.0008918938883370089,0.0015590443669978111
248,,,,,,,,,,0.0010846846591297042,0.0008958194229137195,0.0015508529983233087
249,,,,,,,,,,0.0010737341750263745,0.0008825739754246149,0.0015243620172944138
250,,,,,,,,,,0.001064516137042153,0.0008663916274137352,0.0015245891718469876
251,,,,,,,,,,0.0010626286887549991,0.0008493658963717288,0.0015152826158630031
252,,,,,,,,,,0.0010447656353460059,0.0008709956084998432,0.0014660526967839862
253,,,,,,,,,,0.001039006450634766,0.0008695629290375415,0.001445990475351871
254,,,,,,,,,,0.0010428150169359343,0.0008523516796665584,0.0014607918530820754
255,,,,,,,,,,0.0010511744199201002,0.00085222062402139,0.001466452606749895
256,,,,,,,,,,0.0010363967551815642,0.000847736689881852,0.0014553533951835854
257,,,,,,,,,,0.0010145456926944146,0.0008514978460581699,0.0014269079325688805
258,,,,,,,,,,0.0010103294150637012,0.0008336909998196579,0.0014200258987336354
259,,,,,,,,,,0.001013964956118755,0.0008254268268661565,0.001438499375500296
260,,,,,,,,,,0.0009962030224021149,0.0008202953677992959,0.0014458428735812867
261,,,,,,,,,,0.0009936768682630563,0.0008047271357799423,0.0014354185199033829
262,,,,,,,,,,0.000994537045166546,0.0008121312495106088,0.0014098470574781638
263,,,,,,,,,,0.0010005617857876813,0.0008152808802548228,0.0014162979351231176
264,,,,,,,,,,0.0009910545134618081,0.0008107024881558631,0.0014110605554652858
265,,,,,,,,,,0.0009899111898265655,0.0007994570022635026,0.001358856529040459
266,,,,,,,,,,0.0009933175262679525,0.0008182518003895335,0.0013991825951600214
267,,,,,,,,,,0.0009846520191132396,0.0008296692931490559,0.0013749313182608016
268,,,,,,,,,,0.0009862325925226502,0.0008320447920017415,0.0013627438597781207
269,,,,,,,,,,0.000991263210000017,0.000821990482180793,0.0013595459277963673
270,,,,,,,,,,0.0009892770193233292,0.0008028361487274604,0.0013282266749649997
271,,,,,,,,,,0.0009919183519534797,0.0007888373657222826,0.0013324429747952468
272,,,,,,,,,,0.0009816930518311518,0.0007926129489907858,0.0013652972917675313
273,,,,,,,,,,0.0009791173888366244,0.0008023151028420242,0.001335800845770216
274,,,,,,,,,,0.0009760998242698048,0.0007755582934131761,0.001310096153409178
275,,,,,,,,,,0.0009593063921406332,0.0007703713616310828,0.001338409302275459
276,,,,,,,,,,0.0009494965088222614,0.0007561498285734332,0.001335577649309109
277,,,,,,,,,,0.0009414502748292107,0.000757436270965937,0.0013263977335620958
278,,,,,,,,,,0.0009443356228782814,0.000762692409283211,0.0013408756714674923
279,,,,,,,,,,0.0009375938113907927,0.000743739587786391,0.0013558637629846213
280,,,,,,,,,,0.0009169960852720031,0.0007353774731078084,0.0013564202267322906
281,,,,,,,,,,0.0009025167759631659,0.000732804982129675,0.0013252151072014446
282,,,,,,,,,,0.0009012069661512171,0.000732410603292996,0.0013112737799911608
283,,,,,,,,,,0.0009053408560425118,0.0007171858682396724,0.0013154880078221013
284,,,,,,,,,,0.0008993307044113498,0.000704688221469111,0.0013032222392750906
285,,,,,,,,,,0.0008896355348884748,0.0007249806562270574,0.0012934104528372803
286,,,,,,,,,,0.0008705968314654896,0.0007163749178115508,0.0012989800235971166
287,,,,,,,,,,0.0008780627028084833,0.0006969993780008967,0.0012902111504435767
288,,,,,,,,,,0.0008805525458703321,0.0006919746548475769,0.0013175923480101492
289,,,,,,,,,,0.0008712577050806736,0.0006955431321566811,0.001290615796629259
290,,,,,,,,,,0.0008768846898677853,0.0006822206032221521,0.0012962513724569299
291,,,,,,,,,,0.0008773406463783153,0.0006730236611086524,0.0012937030249846326
292,,,,,,,,,,0.0008484476885095686,0.0006796071286549194,0.0013206509463720394
293,,,,,,,,,,0.0008388775502240213,0.0006943894949630819,0.0013057019160591665
294,,,,,,,,,,0.0008384286093168847,0.0007043217129751768,0.0013077860467526998
295,,,,,,,,,,0.0008412675358704196,0.000707294960803443,0.001304014470931191
296,,,,,,,,,,0.0008328542102812058,0.0006838083298503356,0.00129273610019302
297,,,,,,,,,,0.0008253301483990029,0.0006720638929632211,0.0013211730871135518
298,,,,,,,,,,0.0008235156781894869,0.0006693312590356582,0.0012880603563843582
299,,,,,,,,,,0.0008241818223564006,0.0006737641335732343,0.0012906792827078514
300,,,,,,,,,,0.0008146622119106716,0.0006546204991275812,0.0012948698845948294
301,,,,,,,,,,0.0008050896765041569,0.0006466278810535681,0.0012412899329215024
302,,,,,,,,,,0.0008172924295028125,0.000654357666969537,0.0012626441291471939
303,,,,,,,,,,0.0008202796935301499,0.0006346339456183412,0.0012625471121955304
304,,,,,,,,,,0.0008179651352095252,0.0006429899878695354,0.0012641857122604595
305,,,,,,,,,,0.0008116679189747332,0.0006349520154708409,0.0012643577061790675
306,,,,,,,,,,0.0008169364803629424,0.0006245518279245157,0.0012434203207302452
307,,,,,,,,,,0.0008133277074130955,0.0006221381026162235,0.0012173020152861096
308,,,,,,,,,,0.0007998513584082082,0.0006290621039168673,0.001178877961774076
309,,,,,,,,,,0.0008080043065200232,0.0006191590295376497,0.001209686838824988
310,,,,,,,,,,0.0008116979939318717,0.0006144615442701411,0.0012058612489846345
311,,,,,,,,,,0.0007943985760928121,0.0006196086823047711,0.001217436361521725
312,,,,,,,,,,0.0007867560156951217,0.0006224457021216034,0.001222555527894932
313,,,,,,,,,,0.0007930092396142129,0.000619863040057227,0.0012150820654034577
314,,,,,,,,,,0.0008021275708412237,0.0006094353864502912,0.0011674393825738217
315,,,,,,,,,,0.0007889701587647375,0.0006035042183850576,0.0011470028687465635
316,,,,,,,,,,0.000765003306311785,0.0006074396829164423,0.0011485412946325763
317,,,,,,,,,,0.0007729730522467518,0.0006170711516589947,0.0011560065524100736
318,,,,,,,,,,0.0007777516107623513,0.000608474168269876,0.001165265325493611
319,,,,,,,,,,0.0007657438072537316,0.000619731056218589,0.0011365487995035734
320,,,,,,,,,,0.0007411611676400366,0.0006108731964186811,0.0011233949819022641
321,,,,,,,,,,0.0007369026472428907,0.0006016547957112165,0.0011121474790591799
322,,,,,,,,,,0.0007310709097802073,0.0006036553742399807,0.0010844729887418136
323,,,,,,,,,,0.0007267173477929015,0.0005969067888729651,0.0010794028846117245
324,,,,,,,,,,0.0007128147566230066,0.0005845915706717839,0.0010621810030320218
325,,,,,,,,,,0.0007128271705979486,0.0005823919227623178,0.0010794194535659908
326,,,,,,,,,,0.0007232129529308987,0.0005871193845349518,0.0010900427854863971
327,,,,,,,,,,0.0007155939096613994,0.0005817992117673296,0.0010862217166556615
328,,,,,,,,,,0.0007138922130779325,0.000574255382779543,0.0010748659790250066
329,,,,,,,,,,0.0007173890753146967,0.0005696624228646902,0.0010750374283098058
330,,,,,,,,,,0.0007106368397158615,0.0005634843679634898,0.001054537575728316
331,,,,,,,,,,0.0007006718746858191,0.0005714123440408184,0.0010493577551819303
332,,,,,,,,,,0.0007144451046730449,0.0005682682043631614,0.0010560977888465094
333,,,,,,,,,,0.0007082889398739253,0.0005569689503534081,0.0010159178254989716
334,,,,,,,,,,0.0007094514275346756,0.0005519166864522365,0.001001764957196064
335,,,,,,,,,,0.0007079971468957635,0.0005634364880834843,0.0010146762904634538
336,,,,,,,,,,0.0007154085478549589,0.0005476939702716225,0.00101394042729989
337,,,,,,,,,,0.0007156541798249777,0.0005479909745777367,0.0010395612239277538
338,,,,,,,,,,0.0007039693523810916,0.0005475329775037614,0.001024916229267161
339,,,,,,,,,,0.0007121648024894711,0.0005438467412645417,0.0010213723070316752
340,,,,,,,,,,0.0006954096057361531,0.0005362458328320852,0.0010028615359276008
341,,,,,,,,,,0.0006940040945875592,0.0005322311579926487,0.0009808449006976781
342,,,,,,,,,,0.0006999718810462071,0.0005350546088258116,0.000983632704919948
343,,,,,,,,,,0.0007115303613823903,0.0005349574000097437,0.0009698046399775123
344,,,,,,,,,,0.0006959357892120089,0.0005279554140443624,0.0009562418649690752
345,,,,,,,,,,0.0006885536728950536,0.0005190891443114113,0.0009572638451440325
346,,,,,,,,,,0.000688243864052527,0.0005304740938610931,0.000955107705069184
347,,,,,,,,,,0.0006885458819051504,0.0005188247344629935,0.0009435688693657251
348,,,,,,,,,,0.0006892641432476516,0.0005256135480221812,0.0009392437295771948
349,,,,,,,,,,0.0006822833080421473,0.0005335402331714863,0.0009381862626617833
350,,,,,,,,,,0.0006602982683881958,0.0005228343213020563,0.0009310964245559471
351,,,,,,,,,,0.0006717400946190438,0.0005317700180418243,0.000925244290675246
352,,,,,,,,,,0.0006806366329020731,0.0005241346109504594,0.0009337733987524059
353,,,,,,,,,,0.0006821675859173507,0.0005192011872555972,0.0009362352421846327
354,,,,,,,,,,0.000665021635491293,0.0005159940236248755,0.0009132256042379607
355,,,,,,,,,,0.0006652053195752468,0.0005172150889923815,0.0009104569218214311
356,,,,,,,,,,0.0006673298825899949,0.0005121972335187226,0.0008919140467153628
357,,,,,,,,,,0.000668889664470061,0.0005089528726278819,0.000890500659220209
358,,,,,,,,,,0.0006705827114990462,0.0005086921972335457,0.0008951771497736913
359,,,,,,,,,,0.00065781198709356,0.0005012412885012284,0.0009066519833101894
360,,,,,,,,,,0.0006699449336765635,0.000502261115777914,0.0008986551085295247
361,,,,,,,,,,0.0006712834906944143,0.0004998471652321731,0.0008958760148698795
362,,,,,,,,,,0.000668189878444661,0.0004907302077566385,0.0008840557598667283
363,,,,,,,,,,0.0006581387760187865,0.0004951768003966354,0.0008870514451090726
364,,,,,,,,,,0.0006525956100132544,0.0004981695816263093,0.0008899328307598564
365,,,,,,,,,,0.0006561849821434917,0.0004894099263489151,0.0008786199396954623
366,,,,,,,,,,0.0006602439291646569,0.0005011761570377841,0.0008646337367320643
367,,,,,,,,,,0.0006516652693418896,0.0005011177548312628,0.0008546731963188492
368,,,,,,,,,,0.0006501225334431942,0.0004941647809183873,0.0008510569949468202
369,,,,,,,,,,0.0006416342908221107,0.000489374093922276,0.0008536504118866287
370,,,,,,,,,,0.0006511715235018832,0.0004852439561957051,0.0008494868709136698
371,,,,,,,,,,0.0006332933899267695,0.00047093517536990004,0.0008381407082610265
372,,,,,,,,,,0.0006187469411353913,0.00047029465719316367,0.0008383324181631077
373,,,,,,,,,,0.0006207046086001,0.00047196264931857073,0.0008480852282000379
374,,,,,,,,,,0.0006208984636960056,0.0004628990928105537,0.0008466647382851407
375,,,,,,,,,,0.0006221459438262174,0.00046231019012704633,0.0008378441086275369
376,,,,,,,,,,0.000616025868981568,0.0004564559012655178,0.0008394139460852141
377,,,,,,,,,,0.0006116213040377996,0.0004482342866164707,0.0008186698421881933
378,,,,,,,,,,0.0006056144290881927,0.0004500996645549146,0.0008074547541446782
379,,,,,,,,,,0.0006002887343529229,0.00044792240321494213,0.0008066835260099712
380,,,,,,,,,,0.0006035305624207184,0.00044344957432061825,0.0008125297908381043
381,,,,,,,,,,0.0006032478346871011,0.0004367547388074446,0.0008096358054294283
382,,,,,,,,,,0.0005992194049749201,0.00043317615991754184,0.0008016445675636445
383,,,,,,,,,,0.0005867039748945716,0.0004256404379896077,0.0007984631054041222
384,,,,,,,,,,0.0005892204694348641,0.00042690437999226734,0.0007913112801904023
385,,,,,,,,,,0.0005814782820979946,0.00043113259692031437,0.0007891182178952673
386,,,,,,,,,,0.0005709540130041731,0.00043431474236238477,0.000805039704810144
387,,,,,,,,,,0.0005741568986279211,0.0004314830265347508,0.0008105335627289071
388,,,,,,,,,,0.0005538469044700427,0.0004243837920478078,0.0008196282708469336
389,,,,,,,,,,0.000549881148980964,0.0004240097133049328,0.0008217435734377803
390,,,,,,,,,,0.0005589596651537265,0.0004224818302116938,0.0008226475487431858
391,,,,,,,,,,0.0005657667842913056,0.00042871651415826435,0.0007979737500558145
392,,,,,,,,,,0.000558549465566209,0.00041458929332169314,0.0007906177679054781
393,,,,,,,,,,0.0005521006426549894,0.0004141905599319986,0.0007908447956181248
394,,,,,,,,,,0.0005512177907630816,0.0004197979383831643,0.0007837423926288874
395,,,,,,,,,,0.000548870868471593,0.0004214062492949074,0.0007679361091965941
396,,,,,,,,,,0.0005451946780998169,0.00041160055879058035,0.0007569105495011147
397,,,,,,,,,,0.0005444622225269555,0.000418914783932688,0.0007682995013897584
398,,,,,,,,,,0.0005413880551314522,0.0004228429668029934,0.0007729761057043323
399,,,,,,,,,,0.000530316389673962,0.00041530548413664785,0.0007604173483293315
400,,,,,,,,,,0.0005291842030039416,0.0004123596345638818,0.0007428319400610827
401,,,,,,,,,,0.0005255478663006996,0.0004146826127832702,0.0007310252475077372
402,,,,,,,,,,0.0005276107935197969,0.00041164927113723006,0.0007286307616880504
403,,,,,,,,,,0.0005289944564698238,0.00041004615050049153,0.0007362044038917963
404,,,,,,,,,,0.0005237122201582689,0.0004062522312171842,0.0007421039078911812
405,,,,,,,,,,0.0005153015839432175,0.00040916230928356466,0.000729136972658944
406,,,,,,,,,,0.0005017588399693875,0.0004023291367732238,0.0007364193953975746
407,,,,,,,,,,0.0004934903788249253,0.00040125745885013353,0.0007439282935953579
408,,,,,,,,,,0.0004950427547253129,0.00040858893984614035,0.0007212876153317323
409,,,,,,,,,,0.0004973052389151563,0.0004194807762399968,0.0007059759125544565
410,,,,,,,,,,0.0004822883912345433,0.00041207670291338157,0.0007308489707100463
411,,,,,,,,,,0.0004787368350062629,0.0004192607677169825,0.0007106972446852479
412,,,,,,,,,,0.00047450086235509574,0.0004114753156179754,0.0006940497697546271
413,,,,,,,,,,0.0004791333761722627,0.0004068191308015593,0.0007011917339228334
414,,,,,,,,,,0.00048438611988596764,0.0003898706698583707,0.0006957142757230586
415,,,,,,,,,,0.00047905187371540485,0.00038885960636136663,0.0007047808310463252
416,,,,,,,,,,0.0004803469643034846,0.0003863788936576283,0.000684624608943658
417,,,,,,,,,,0.0004828085400248433,0.0003845563454053776,0.0006860076713983301
418,,,,,,,,,,0.00048015816463032864,0.00038886031531611056,0.000689723261590138
419,,,,,,,,,,0.00047659994007142616,0.0003845414417693978,0.0006719233699039529
420,,,,,,,,,,0.00047718779898742777,0.00038093931068954853,0.0006667489159955463
421,,,,,,,,,,0.00048353560164221977,0.0003714446188685449,0.0006718752023908539
422,,,,,,,,,,0.0004757131369088504,0.0003693903820328314,0.0006672829187355308
423,,,,,,,,,,0.00047481819258186214,0.0003748443691217326,0.0006583135241511463
424,,,,,,,,,,0.0004693361390693279,0.0003755370678258005,0.0006546386359284858
425,,,,,,,,,,0.00045816137416850294,0.00036730038731531614,0.000661569377209291
426,,,,,,,,,,0.0004677223570058579,0.0003678345016954886,0.0006519996793169198
427,,,,,,,,,,0.0004693377527737791,0.00036546901298472765,0.0006572109002084422
428,,,,,,,,,,0.0004691397229624262,0.00037160903450491245,0.0006593212802647576
429,,,,,,,,,,0.000460196549172328,0.00036796914508073296,0.0006603678962738829
430,,,,,,,,,,0.00046055411944461485,0.00035753428808235155,0.0006512953746285881
431,,,,,,,,,,0.00046060927922595367,0.0003604509698157302,0.0006448322056562028
432,,,,,,,,,,0.0004668184692736564,0.00035233695255370813,0.0006389881021717453
433,,,,,,,,,,0.0004729892209542501,0.000354953786724506,0.0006283205652617218
434,,,,,,,,,,0.00046619268085133986,0.00035292006627659646,0.000629179010355365
435,,,,,,,,,,0.0004544222028425765,0.0003565829092989025,0.0006214685533018575
436,,,,,,,,,,0.00045012075018952355,0.00034982105808208303,0.0006294318508175779
437,,,,,,,,,,0.0004496924557555865,0.0003445670428477117,0.0006341700529996697
438,,,,,,,,,,0.00045640130358085267,0.0003394564127476139,0.0006261021394934833
439,,,,,,,,,,0.0004490931537484324,0.0003357116800435033,0.0006209238022770837
440,,,,,,,,,,0.00043258712305395137,0.00034163012338705746,0.0006223173670962056
441,,,,,,,,,,0.00043076887334931305,0.00034381968479673764,0.0006176028422575934
442,,,,,,,,,,0.0004271639946993723,0.0003426793359210774,0.0006236654150908819
443,,,,,,,,,,0.0004263794000066924,0.00034277139915184294,0.0005991231350355134
444,,,,,,,,,,0.0004286302577058583,0.00033889715583902236,0.0005894996264752099
445,,,,,,,,,,0.000416687511041612,0.00033309229801543725,0.0005808470544503633
446,,,,,,,,,,0.00042942280566685224,0.00033209252979358225,0.0005874025693453832
447,,,,,,,,,,0.0004373069021108935,0.000338333186240186,0.0005893942465743563
448,,,,,,,,,,0.00043096936737671695,0.0003328107261755028,0.0005783656840317522
449,,,,,,,,,,0.0004169102426472115,0.00033268573399476985,0.0005664526879873854
450,,,,,,,,,,0.00041487932577084167,0.0003269074767625859,0.0005754990190616077
451,,,,,,,,,,0.0004182502552425066,0.00032507866159605,0.0005771478358351721
452,,,,,,,,,,0.00042212773458066095,0.000322831509750602,0.000571745606601393
453,,,,,,,,,,0.0004195551453838888,0.00032230159499787225,0.0005788170892068582
454,,,,,,,,,,0.00040795262649307796,0.0003181756816798456,0.000582621586098881
455,,,,,,,,,,0.00039440931606530134,0.00032287521876781184,0.0005806704642919978
456,,,,,,,,,,0.000397563250049578,0.00031366076381357565,0.0005897435925945822
457,,,,,,,,,,0.00039468081965877717,0.00030891910849178544,0.0005907141973288234
458,,,,,,,,,,0.0003937405286882741,0.0003148984371936065,0.0005786641544447056
459,,,,,,,,,,0.00038873672611834957,0.00031112090741913854,0.0005735777205056636
460,,,,,,,,,,0.00039075614677758566,0.00030858304711749895,0.0005665541396994802
461,,,,,,,,,,0.00038705450016770533,0.0003079202408187195,0.0005628707484314957
462,,,,,,,,,,0.00038354922280575763,0.00030849893590638146,0.0005570287866049558
463,,,,,,,,,,0.0003843479818795852,0.000312289577784768,0.0005588055376577223
464,,,,,,,,,,0.00038092894884980287,0.0003098464843833587,0.0005720709328306856
465,,,,,,,,,,0.00037338859250422266,0.0003047790070076199,0.0005710327484323488
466,,,,,,,,,,0.00037081472528303265,0.0002992019630436627,0.0005743052712185842
467,,,,,,,,,,0.00037102898788286354,0.000296787282912776,0.0005571837138397733
468,,,,,,,,,,0.00036780263943668917,0.0002968442460135238,0.0005383178876080479
469,,,,,,,,,,0.0003657078205036451,0.0002982331055172508,0.0005539120917825942
470,,,,,,,,,,0.0003588253660713446,0.00029821401149739363,0.0005463253743094153
471,,,,,,,,,,0.0003560182193190646,0.00029827331102800185,0.0005532950792016393
472,,,,,,,,,,0.00034868243083231406,0.00029031822989084846,0.0005381958546679068
473,,,,,,,,,,0.0003489248047655105,0.00029062556188687836,0.0005188148903541976
474,,,,,,,,,,0.0003514156096612373,0.0002934308024354108,0.0005136031865301976
475,,,,,,,,,,0.0003476364328112386,0.0002882798952932886,0.0005097639751461815
476,,,,,,,,,,0.0003393767777973511,0.0002898796262211815,0.0005241133168616963
477,,,,,,,,,,0.00034013473809560923,0.0002829159851649002,0.0005337454408460264
478,,,,,,,,,,0.0003355076514005894,0.0002865350457312583,0.0005193055893454313
479,,,,,,,,,,0.00033246465599536456,0.000282393993346162,0.0005168551492231025
480,,,,,,,,,,0.00033417107728279407,0.0002809393473424369,0.0005201144430347607
481,,,,,,,,,,0.00033183563638269914,0.0002838330375640961,0.0005162748504197446
482,,,,,,,,,,0.00031849716047205475,0.0002853639014239794,0.000514698443512732
483,,,,,,,,,,0.00032576218922477284,0.00028455723697231987,0.0005108212320119905
484,,,,,,,,,,0.00033032806667300806,0.00028192726685953513,0.0005057042524009903
485,,,,,,,,,,0.00032801462178879293,0.00027996355719686427,0.0005162461633286083
486,,,,,,,,,,0.0003222065759666461,0.00027079880614299046,0.0005146114879460133
487,,,,,,,,,,0.00032411126856955557,0.00026854964918771366,0.0005101513439728607
488,,,,,,,,,,0.00032727792357524846,0.00026530965232901435,0.0005102031306785799
489,,,,,,,,,,0.00031624572476061496,0.000260583626311382,0.00050314942053822
490,,,,,,,,,,0.00031524724740702645,0.0002657207269646194,0.000503849628539485
491,,,,,,,,,,0.0003144031748423915,0.00026238976156242166,0.0005109647838059835
492,,,,,,,,,,0.0003142184581279468,0.0002663402771583758,0.0005054665200540869
493,,,,,,,,,,0.0003135446395524684,0.0002656986351281799,0.0005034874920063125
494,,,,,,,,,,0.0003133691552435204,0.00026226053813118333,0.0005048390386326246
495,,,,,,,,,,0.0003130443702787194,0.00026336895216726294,0.0005046101800747665
496,,,,,,,,,,0.0003118089128004291,0.0002676473472749478,0.0004934501451696579
497,,,,,,,,,,0.0003165485119579869,0.0002684458147865251,0.0004818712432331303
498,,,,,,,,,,0.00031279184054315204,0.000268811044335456,0.0004725203625717488
499,,,,,,,,,,0.0003094963968539511,0.0002607894160555327,0.0004830168272809801
500,,,,,,,,,,0.000309261864917463,0.00026324166747180216,0.00048159768161503276
501,,,,,,,,,,0.00031038956744369815,0.00026083605838079084,0.0004696798874581115
502,,,,,,,,,,0.00031250372116836824,0.0002552850949780704,0.0004753798869122264
503,,,,,,,,,,0.0003139581818342323,0.00025077531560806216,0.0004635109390934238
504,,,,,,,,,,0.0003086997461504927,0.0002535557275656807,0.000454102047697334
505,,,,,,,,,,0.0003081919638953848,0.0002492688025990211,0.00044864543171391143
506,,,,,,,,,,0.00031287553458639436,0.0002453424483598973,0.00044538361147218564
507,,,,,,,,,,0.00030571381693829576,0.00024271654873993449,0.00044870380071675457
508,,,,,,,,,,0.0003034250953400611,0.00023722051309342626,0.00042735063297378965
509,,,,,,,,,,0.0003022515431786941,0.0002405758109182898,0.00042910585809396296
510,,,,,,,,,,0.0002946734529905229,0.0002435892127246247,0.0004373747294376579
511,,,,,,,,,,0.00029800431909371623,0.00024149772247572288,0.0004261623635300629
512,,,,,,,,,,0.00029764391356482567,0.0002367349664849713,0.0004363689319916015
513,,,,,,,,,,0.0002916794258397761,0.0002405118283836787,0.00044237953017202105
514,,,,,,,,,,0.0002940355380710287,0.00024222906181149047,0.0004237954994145772
515,,,,,,,,,,0.00029723602022861185,0.00023871606441415786,0.00042211367832284717
516,,,,,,,,,,0.0002931349607817224,0.0002320487172687206,0.00041969309750753434
517,,,,,,,,,,0.0002889741140046805,0.00023783021100577488,0.0004199247286830858
518,,,,,,,,,,0.0002864315141468533,0.0002288571331752671,0.00041426311693170754
519,,,,,,,,,,0.0002837781099344958,0.00022605763147679153,0.00041684209786794807
520,,,,,,,,,,0.00028578432289878185,0.00022797586778855794,0.00042731109640561384
521,,,,,,,,,,0.0002837234910099471,0.00022681047972337705,0.000413717125662235
522,,,,,,,,,,0.0002813463215887109,0.00022332645491757983,0.0004137945076397922
523,,,,,,,,,,0.0002833337297969018,0.00021934365444521887,0.00041666749728660373
524,,,,,,,,,,0.00027859514635425475,0.00022136628678445113,0.00041035654592390034
525,,,,,,,,,,0.00028188890623747693,0.00022228505175399702,0.00040915790212636016
526,,,,,,,,,,0.0002812050283720534,0.0002289418537821009,0.00041099125118801617
527,,,,,,,,,,0.00027685015544205255,0.0002275945651822785,0.00041363575213456517
528,,,,,,,,,,0.00027979907136360714,0.00022692795473989205,0.00041367217727560556
529,,,,,,,,,,0.00027779838386134717,0.0002230989426659262,0.0004089418332151197
530,,,,,,,,,,0.00027238661257448767,0.00022537346572751462,0.0004128528480562681
531,,,,,,,,,,0.0002743850183248382,0.00021916467327801867,0.00042002869833083416
532,,,,,,,,,,0.0002765916685866757,0.00021941101727385355,0.0004131806133307759
533,,,,,,,,,,0.000274891580324877,0.00021880597203416041,0.00040429167157738846
534,,,,,,,,,,0.00026807470387163793,0.00021828478621408089,0.0004045162059817388
535,,,,,,,,,,0.00026432342278673814,0.0002160862507281941,0.0004092946709847576
536,,,,,,,,,,0.0002681811931385279,0.00021439702786763345,0.0004051184874939389
537,,,,,,,,,,0.00026231613087016796,0.00021076515239318164,0.0004117639710132039
538,,,,,,,,,,0.00025891499399040426,0.0002097686162038581,0.0004107195874326852
539,,,,,,,,,,0.0002640650148451815,0.00020894464985966936,0.0004081862983681667
540,,,,,,,,,,0.00026366411855080637,0.00021785509269469494,0.00040907022769721713
541,,,,,,,,,,0.00026338628106208474,0.00021537726177675353,0.0004067451528032609
542,,,,,,,,,,0.00026320423776485675,0.00021685378387980902,0.00040461253397073964
543,,,,,,,,,,0.0002646151539305409,0.00021993657765354547,0.00039441258393030425
544,,,,,,,,,,0.00026472915099575535,0.0002189406370397024,0.00037897794079165586
545,,,,,,,,,,0.00026356234720380386,0.00021482311822982174,0.00037104456888662103
546,,,,,,,,,,0.00025756523814866265,0.00021185701394610382,0.0003683434911372884
547,,,,,,,,,,0.00025893133043426795,0.00021293616731642175,0.0003619736773740471
548,,,,,,,,,,0.00024658086291607333,0.00021285973285212355,0.00035243349514617453
549,,,,,,,,,,0.00024482412070173863,0.0002128593820794846,0.0003528166616456142
550,,,,,,,,,,0.00024878340980778946,0.00020460724438768748,0.00035242604579989467
551,,,,,,,,,,0.0002531748682589464,0.00020384232914157015,0.00034963385778132613
552,,,,,,,,,,0.00025011884374208636,0.00020186624584596266,0.00034978547629522757
553,,,,,,,,,,0.00024656881582445597,0.00020109564238318548,0.000347060998814625
554,,,,,,,,,,0.000248137198700252,0.00019938718089044686,0.00034016434875482374
555,,,,,,,,,,0.00024599816641518826,0.00019911117298262825,0.00034285494656597775
556,,,,,,,,,,0.00024173848238069363,0.00019854119773675774,0.0003491842560209385
557,,,,,,,,,,0.00024250255397367324,0.00019919405442460022,0.00035220989422224993
558,,,,,,,,,,0.00023517513877914303,0.00019762943755792007,0.0003566164077076288
559,,,,,,,,,,0.00023475775667426962,0.00019277810803249541,0.00035931545052650784
560,,,,,,,,,,0.0002339126316179529,0.00019237047298822658,0.0003475960598934926
561,,,,,,,,,,0.00023581582179590886,0.00018892708922556447,0.00034590475853724697
562,,,,,,,,,,0.00023131587462118928,0.00018511813055259652,0.00034569232057125724
563,,,,,,,,,,0.00023392731615152161,0.00018620151565443196,0.00034444254190799654
564,,,,,,,,,,0.00023209463575687975,0.00018174475120017952,0.0003469777629288368
565,,,,,,,,,,0.00023980251139560772,0.0001797743815196659,0.00033677139330843273
566,,,,,,,,,,0.00024295264925691622,0.0001775811910830846,0.000335111996193937
567,,,,,,,,,,0.00024166839312558667,0.00017737877309206414,0.00032832399230104005
568,,,,,,,,,,0.00023758111178035619,0.00017729502018852376,0.0003270508348202285
569,,,,,,,,,,0.00023465412898840253,0.000175718375074239,0.0003340119992184855
570,,,,,,,,,,0.0002292053774411452,0.00017078470775428925,0.0003299128203725876
571,,,,,,,,,,0.00022874644930577054,0.00017130495241946252,0.0003239013300955938
572,,,,,,,,,,0.00023102392671650563,0.00017435336169853492,0.0003305842311154805
573,,,,,,,,,,0.000228639934575602,0.00017026556507021857,0.0003209128674729288
574,,,,,,,,,,0.00021863049069413256,0.00017048737178919205,0.00032148969936992205
575,,,,,,,,,,0.00022297445703972683,0.00017279928858590703,0.00032029216176455234
576,,,,,,,,,,0.00022423379108547112,0.0001699710870306495,0.00032555175213613965
577,,,,,,,,,,0.0002267431167855466,0.00016862424035358445,0.00032745253269287765
578,,,,,,,,,,0.00022167714974440447,0.0001635182594668154,0.0003230761186917811
579,,,,,,,,,,0.00021417508106276304,0.00016421112782294346,0.00032108600265458846
580,,,,,,,,,,0.0002112017560511233,0.0001663348469357428,0.00031488328183833063
581,,,,,,,,,,0.0002114975647717277,0.00016549641855977321,0.00031959953851083087
582,,,,,,,,,,0.0002064888200632434,0.00016461911008879758,0.00032162297420363544
583,,,,,,,,,,0.00020925078981856094,0.00016631947630849084,0.0003200615152468132
584,,,,,,,,,,0.00020690959174302754,0.00016379903707364673,0.000321367168885201
585,,,,,,,,,,0.00020743677083681113,0.00016551874382463434,0.0003149338658308585
586,,,,,,,,,,0.00020937644798376626,0.00016767596426464252,0.00031193091702851387
587,,,,,,,,,,0.0002014607516587859,0.00016950492548709032,0.0003113834081120428
588,,,,,,,,,,0.00020029043532129103,0.00016847780582756607,0.0003011156849471444
589,,,,,,,,,,0.00019865850551272027,0.00016662310428175545,0.0002978744025284216
590,,,,,,,,,,0.0001966661737124082,0.00016559744910932828,0.0003005464720530349
591,,,,,,,,,,0.0001936200616770178,0.00016507995931130473,0.0002951663562476342
592,,,,,,,,,,0.00019389866064935013,0.00016397601051903524,0.00029611398668730253
593,,,,,,,,,,0.00019420535072380083,0.00016534205472281977,0.00029840368509114135
594,,,,,,,,,,0.000195016535928515,0.00016154867029560338,0.0002963566199334211
595,,,,,,,,,,0.00019352032459562228,0.00016230227935997116,0.00030007272342481476
596,,,,,,,,,,0.0001965139530497296,0.0001568176683884312,0.00030881539155651436
597,,,,,,,,,,0.00019566309971096057,0.00015664925630944017,0.00030580672871312217
598,,,,,,,,,,0.0001923519166072538,0.00015939603701721255,0.0003008514780470271
599,,,,,,,,,,0.00019087014610461977,0.00015833967665826985,0.00029482699936843435
600,,,,,,,,,,0.00019203215184011646,0.00015340214050749563,0.00029242994237684006
601,,,,,,,,,,0.0001925599858221834,0.00015218778581853627,0.00028797614605594827
602,,,,,,,,,,0.0001897735954064024,0.00015375714607854057,0.0002863509774021783
603,,,,,,,,,,0.00019104857944213295,0.00015211882356214922,0.00027508263067051967
604,,,,,,,,,,0.0001949183041766299,0.0001550381337991101,0.0002751585512073563
605,,,,,,,,,,0.00019172291885203327,0.00014989242397421188,0.00026954436818536656
606,,,,,,,,,,0.00018719709655776642,0.00015003820206464983,0.00027253483946164506
607,,,,,,,,,,0.00018817570644344994,0.0001492276049547915,0.000267627383112396
608,,,,,,,,,,0.00018783180997891685,0.0001467009454902075,0.00026718925732740833
609,,,,,,,,,,0.0001838813120895565,0.00014509342861333672,0.0002637336014653465
610,,,,,,,,,,0.0001770403005567969,0.00014510427073676435,0.00026054398501504345
611,,,,,,,,,,0.00018123305004197733,0.00014385789156053452,0.00025495719374846
612,,,,,,,,,,0.00018173367668550185,0.0001394171114258547,0.00025541475970572794
613,,,,,,,,,,0.00017809710105838106,0.0001388506728087223,0.00025834561162938954
614,,,,,,,,,,0.0001797215167932113,0.00014007411385440763,0.00025929607065752395
615,,,,,,,,,,0.00017827624667698624,0.00013940330569513053,0.00025947138789747575
616,,,,,,,,,,0.00018009196177199327,0.0001382115645879782,0.00026176355261750865
617,,,,,,,,,,0.00017650521332390583,0.0001391304347600297,0.0002551671172377562
618,,,,,,,,,,0.00017428137860899835,0.00013649495927785428,0.0002548649841190984
619,,,,,,,,,,0.00017691414016891867,0.00013184908580097073,0.00026124290275952535
620,,,,,,,,,,0.00017654874553241266,0.00013494774547720807,0.00025592899136037714
621,,,,,,,,,,0.00017315549032946245,0.00013367470283373795,0.0002506926157827759
622,,,,,,,,,,0.0001729202735609246,0.00013267274473393578,0.0002486098213961665
623,,,,,,,,,,0.00017398585394133882,0.00013300356757479635,0.000251824557249756
624,,,,,,,,,,0.00017050601455580422,0.0001318807386812423,0.00024648438372804597
625,,,,,,,,,,0.00016919502494492402,0.00013326383562588714,0.0002462497136300003
626,,,,,,,,,,0.00016974990348277754,0.00013284895642185377,0.0002485853403954268
627,,,,,,,,,,0.0001708183927461735,0.00013463273895368582,0.00025064322239506747
628,,,,,,,,,,0.0001717915321612771,0.00013174443827144652,0.00025118799676811536
629,,,,,,,,,,0.00016542091312994188,0.00013194617300970986,0.0002443118864347779
630,,,,,,,,,,0.00016194144559976764,0.0001313874430757621,0.00024185833256526335
631,,,,,,,,,,0.00016202617375117858,0.00012993259148342818,0.0002445081114386097
632,,,,,,,,,,0.00015888625429341994,0.00013207215812366174,0.00023931246683985398
633,,,,,,,,,,0.00015854557377407115,0.00012984891613416366,0.00024245330171541245
634,,,,,,,,,,0.00015972115478120395,0.00012856667512329783,0.0002427352250658261
635,,,,,,,,,,0.0001588518315366111,0.00012728026776648695,0.0002403156752282389
636,,,,,,,,,,0.00015749194076764288,0.00012840329995431618,0.0002412779451427128
637,,,,,,,,,,0.00015698593774138693,0.00012803900045038497,0.00024068228543406997
638,,,,,,,,,,0.0001576459256397816,0.00012914407356122445,0.00024411433949419868
639,,,,,,,,,,0.00015912050864970973,0.00013075854256958407,0.00024490762690117403
640,,,,,,,,,,0.0001593480369144317,0.00012878065415261424,0.00024828661198178774
641,,,,,,,,,,0.00015702616443678203,0.00012704096305370414,0.00024721413600883234
642,,,,,,,,,,0.00015663423564425745,0.00012527707761030233,0.000254269743898163
643,,,,,,,,,,0.0001538862780862309,0.00012384102149928027,0.00024875381074178485
644,,,,,,,,,,0.00015294356726338883,0.00012205671298306197,0.00024495436744070403
645,,,,,,,,,,0.00015475297249006216,0.0001218833457050578,0.0002405009411069885
646,,,,,,,,,,0.0001559331501042045,0.00012200324799257014,0.00024338322479409998
647,,,,,,,,,,0.0001581615109432351,0.00011819036389562688,0.00024258508683734875
648,,,,,,,,,,0.00016126018918530787,0.00011834157630246609,0.00023964316770624282
649,,,,,,,,,,0.0001569376138602853,0.00011668278589921923,0.00024243757741588878
650,,,,,,,,,,0.00015680050889048505,0.00011592014118531962,0.00023947313916225234
651,,,,,,,,,,0.00015627849550462343,0.00011546396814188269,0.0002351086001640532
652,,,,,,,,,,0.00015551539344080267,0.00011519650241981558,0.0002320572790746494
653,,,,,,,,,,0.0001550847306961332,0.00011767430347470575,0.00023162244252059722
654,,,,,,,,,,0.00015002464147697458,0.0001180068843882239,0.00022642657949011472
655,,,,,,,,,,0.00014998387397575433,0.00011873163579154676,0.0002197131309058067
656,,,,,,,,,,0.0001501299003021277,0.00012060212401216142,0.0002207786687387987
657,,,,,,,,,,0.00014885827443431282,0.0001201189269267531,0.00022592671629676096
658,,,,,,,,,,0.00014937216894033394,0.00011661540183127532,0.0002245396879330856
659,,,,,,,,,,0.000148133941973234,0.00011484340226350611,0.0002200787741783761
660,,,,,,,,,,0.000149502269303191,0.00011475271431005085,0.0002138683573256397
661,,,,,,,,,,0.00014740606931613822,0.00011396644572006127,0.00021534579746576652
662,,,,,,,,,,0.00014689691290303443,0.00011628645926288032,0.00021695180560707796
663,,,,,,,,,,0.00014461231332912736,0.00011372586475808445,0.0002118087283726323
664,,,,,,,,,,0.00014291630611392673,0.00011053260672112056,0.00020923270863825485
665,,,,,,,,,,0.0001402829129878679,0.00010992579850347745,0.00020880378376827784
666,,,,,,,,,,0.00014047592308304038,0.00010988437607936487,0.0002099209234484566
667,,,,,,,,,,0.0001401116169009458,0.000111239198194691,0.00021207285102066236
668,,,,,,,,,,0.0001413491342311961,0.00011202613382760349,0.00021001599234408982
669,,,,,,,,,,0.00014314767586741525,0.00011049186711231954,0.00020562668821631113
670,,,,,,,,,,0.000144530896259393,0.00010977113732230395,0.00020115619592420933
671,,,,,,,,,,0.0001425288791926783,0.00010677902730068006,0.0002000715554378538
672,,,,,,,,,,0.00014136201191786466,0.00010638434291572503,0.00020465079116407958
673,,,,,,,,,,0.00013884885702385098,0.00010549246250246867,0.00020224425682904249
674,,,,,,,,,,0.00014046220215863017,0.00010507513060082873,0.00020523839288313624
675,,,,,,,,,,0.00013875171860066443,0.00010384886277606758,0.00020399614508952968
676,,,,,,,,,,0.00013863607708262694,0.00010344406253699961,0.00020334430587610133
677,,,,,,,,,,0.00013955942818754492,0.00010402694241375451,0.00019757898279063757
678,,,,,,,,,,0.00014121895012080994,0.00010473220303552496,0.00019921268973772745
679,,,,,,,,,,0.00014238495192825536,0.0001051000909169339,0.00019450376377568528
680,,,,,,,,,,0.00014239804951830063,0.00010489986413293151,0.00018977021504895436
681,,,,,,,,,,0.00014022328234756078,0.00010469548123948736,0.00018884515704156653
682,,,,,,,,,,0.0001402492145799433,0.00010369737302644118,0.00019200753764375691
683,,,,,,,,,,0.00013814466513261084,0.00010049011617335933,0.0001924745888632139
684,,,,,,,,,,0.00013747475643428848,2.606240252488407e-05,0.00019328624313784718
685,,,,,,,,,,0.00013577524636682487,2.6080789526563408e-05,0.0001943699156484913
686,,,,,,,,,,0.00013584864930181565,2.6513699212752058e-05,0.00019230911527594574
687,,,,,,,,,,0.00013631168795783002,2.5841791794785766e-05,0.00018844461171238142
688,,,,,,,,,,0.00013423170379811536,2.531783916041102e-05,0.00019399634979181513
689,,,,,,,,,,0.00013363770695865723,2.5426775072181285e-05,0.00019193376220195198
690,,,,,,,,,,0.00013363089299851433,2.5956918070581007e-05,0.0001897195843423379
691,,,,,,,,,,0.00013591145246090743,2.6433011187841912e-05,0.00018745884299161273
692,,,,,,,,,,0.00013534987940623525,2.4816197988138506e-05,0.0001876216988308079
693,,,,,,,,,,0.00013163388479411634,0.0,0.0001858780462627322
694,,,,,,,,,,0.00013119536358414713,0.0,0.00018582392349181283
695,,,,,,,,,,0.00013143342043597662,0.0,0.00018277758428853952
696,,,,,,,,,,0.0001290440837063614,0.0,0.0001809338932102172
697,,,,,,,,,,0.00012871084095777274,0.0,0.00017469448823511472
698,,,,,,,,,,0.00012743390205331048,0.0,0.00017486792148414934
699,,,,,,,,,,0.00012576679022512695,0.0,0.00017490765329745742
700,,,,,,,,,,0.00012716430891888112,0.0,0.00016759759586673498
701,,,,,,,,,,0.00012611309981964822,0.0,0.00016850905748598096
702,,,,,,,,,,0.0001232931978677408,0.0,0.0001679582725277931
703,,,,,,,,,,0.00012189708423346017,0.0,0.0001680245791604781
704,,,,,,,,,,0.00012279884500777103,0.0,0.00016776361236415973
705,,,,,,,,,,0.00012376500706455518,0.0,0.00016902409557536347
706,,,,,,,,,,0.00012262879128856744,0.0,0.00016916028637042392
707,,,,,,,,,,0.00011720092827888302,0.0,0.0001661455824931031
708,,,,,,,,,,0.00011548340211936034,0.0,0.00016133607247448867
709,,,,,,,,,,6.651671475174871e-05,0.0,0.00015945815148690366
710,,,,,,,,,,6.569761402604703e-05,0.0,0.0001606386869591307
711,,,,,,,,,,6.464931626144032e-05,0.0,0.0001646677661195784
712,,,,,,,,,,6.529493395278307e-05,0.0,0.00016627221180714888
713,,,,,,,,,,6.503543769803103e-05,0.0,0.00016091440856565452
714,,,,,,,,,,6.486225382541567e-05,0.0,0.00015969523290883632
715,,,,,,,,,,6.389766777690254e-05,0.0,0.00015882505094799696
716,,,,,,,,,,6.352875800533272e-05,0.0,0.000158124606518427
717,,,,,,,,,,6.301084032936947e-05,0.0,0.0001572325661997621
718,,,,,,,,,,6.383402706782271e-05,0.0,0.0001591234919437094
719,,,,,,,,,,6.091613444828327e-05,0.0,0.00015758482882593204
720,,,,,,,,,,6.32381749498867e-05,0.0,0.00015884044180137146
721,,,,,,,,,,6.388052530094392e-05,0.0,0.00015738955065104028
722,,,,,,,,,,6.155053200492757e-05,0.0,0.00015446564657892826
723,,,,,,,,,,5.872834223678191e-05,0.0,0.00015484469199969158
724,,,,,,,,,,5.850299681808428e-05,0.0,0.0001531671881191766
725,,,,,,,,,,6.0243764789336264e-05,0.0,0.00015017866609630097
726,,,,,,,,,,5.858420779816393e-05,0.0,0.0001484233254350886
727,,,,,,,,,,5.658098071063165e-05,0.0,0.0001489130605103532
728,,,,,,,,,,5.597148544574506e-05,0.0,0.0001538650006892855
729,,,,,,,,,,5.659881000393985e-05,0.0,0.00015582612128616015
730,,,,,,,,,,5.5007813838248424e-05,0.0,0.00015806864923878364
731,,,,,,,,,,5.4509022769163815e-05,0.0,0.0001579887298529153
732,,,,,,,,,,5.565400911582326e-05,0.0,0.00015485634951961386
733,,,,,,,,,,5.679007819629794e-05,0.0,0.00015326215479286582
734,,,,,,,,,,5.7344622445616525e-05,0.0,0.00014775061039662126
735,,,,,,,,,,5.8107402652305986e-05,0.0,0.00014306509277722858
736,,,,,,,,,,5.709945790176797e-05,0.0,0.00014692855325121546
737,,,,,,,,,,5.686077927220861e-05,0.0,0.000147407381166915
738,,,,,,,,,,5.621104000439599e-05,0.0,0.00014892677860579232
739,,,,,,,,,,5.559432692358734e-05,0.0,0.00014445913998369943
740,,,,,,,,,,5.584605005374954e-05,0.0,0.00014529423303940951
741,,,,,,,,,,5.399718395987042e-05,0.0,0.00014425434077510314
742,,,,,,,,,,5.277118460374016e-05,0.0,0.00014476294152487805
743,,,,,,,,,,5.335786087343848e-05,0.0,0.00014510134764353575
744,,,,,,,,,,5.295764311193646e-05,0.0,0.00014488045245294217
745,,,,,,,,,,5.3612138905574916e-05,0.0,0.00014306483573564273
746,,,,,,,,,,5.2728538634954877e-05,0.0,0.00014404290049252938
747,,,,,,,,,,5.2242056967657004e-05,0.0,0.00014122968514099693
748,,,,,,,,,,5.0571157935376366e-05,0.0,0.00013723122090410558
749,,,,,,,,,,5.02699708192042e-05,0.0,0.00013546779852313372
750,,,,,,,,,,5.0141549289572926e-05,0.0,0.00013282033592760734
751,,,,,,,,,,5.0293725095497575e-05,0.0,0.0001335709027682116
752,,,,,,,,,,5.0384028051505614e-05,0.0,0.00013326487338194458
753,,,,,,,,,,5.001162848462813e-05,0.0,0.0001317376759389225
754,,,,,,,,,,5.0516724693210554e-05,0.0,0.00013234044867530825
755,,,,,,,,,,4.998029372077931e-05,0.0,0.00013053588719904246
756,,,,,,,,,,0.0,0.0,0.00013296513996510198
757,,,,,,,,,,0.0,0.0,0.00013302073590939212
758,,,,,,,,,,0.0,0.0,0.000133003671317113
759,,,,,,,,,,0.0,0.0,0.00013278226527394576
760,,,,,,,,,,0.0,0.0,0.00013561422811408076
761,,,,,,,,,,0.0,0.0,0.00013235559797304916
762,,,,,,,,,,0.0,0.0,0.00013222904752966291
763,,,,,,,,,,0.0,0.0,0.0001309891053580824
764,,,,,,,,,,0.0,0.0,0.0001286484821749627
765,,,,,,,,,,0.0,0.0,0.00012754178111969906
766,,,,,,,,,,0.0,0.0,0.0001259056204166742
767,,,,,,,,,,0.0,0.0,0.00012482483650331746
768,,,,,,,,,,0.0,0.0,0.00012589358729473972
769,,,,,,,,,,0.0,0.0,0.00012650539964198737
770,,,,,,,,,,0.0,0.0,0.00012483144688336552
771,,,,,,,,,,0.0,0.0,0.0001253026934808492
772,,,,,,,,,,0.0,0.0,0.00012426514223457034
773,,,,,,,,,,0.0,0.0,0.0001232235014406968
774,,,,,,,,,,0.0,0.0,0.00012345349505271422
775,,,,,,,,,,0.0,0.0,0.00012294798632485912
776,,,,,,,,,,0.0,0.0,0.00012243387147265665
777,,,,,,,,,,0.0,0.0,0.00012345607354134717
778,,,,,,,,,,0.0,0.0,0.0001233139076272974
779,,,,,,,,,,0.0,0.0,0.00012085010152673282
780,,,,,,,,,,0.0,0.0,0.00011822594405328115
781,,,,,,,,,,0.0,0.0,0.00011732985555015447
782,,,,,,,,,,0.0,0.0,9.165746391690186e-05
783,,,,,,,,,,0.0,0.0,9.325820128959364e-05
784,,,,,,,,,,0.0,0.0,9.425173973667902e-05
785,,,,,,,,,,0.0,0.0,9.503326964801814e-05
786,,,,,,,,,,0.0,0.0,9.350716677858988e-05
787,,,,,,,,,,0.0,0.0,9.208765061583093e-05
788,,,,,,,,,,0.0,0.0,9.28342873715559e-05
789,,,,,,,,,,0.0,0.0,9.367657787363306e-05
790,,,,,,,,,,0.0,0.0,9.241646274342258e-05
791,,,,,,,,,,0.0,0.0,9.201329124695455e-05
792,,,,,,,,,,0.0,0.0,9.289942117475401e-05
793,,,,,,,,,,0.0,0.0,9.364111955897185e-05
794,,,,,,,,,,0.0,0.0,9.168014629405271e-05
795,,,,,,,,,,0.0,0.0,9.126557102744247e-05
796,,,,,,,,,,0.0,0.0,9.051535005288298e-05
797,,,,,,,,,,0.0,0.0,9.006612317688024e-05
798,,,,,,,,,,0.0,0.0,8.820799198336393e-05
799,,,,,,,,,,0.0,0.0,8.717242680404892e-05
800,,,,,,,,,,0.0,0.0,8.602330962355343e-05
801,,,,,,,,,,0.0,0.0,8.405368883817184e-05
802,,,,,,,,,,0.0,0.0,8.233601379947821e-05
803,,,,,,,,,,0.0,0.0,8.515178083379358e-05
804,,,,,,,,,,0.0,0.0,8.373957411183615e-05
805,,,,,,,,,,0.0,0.0,8.360513943446229e-05
806,,,,,,,,,,0.0,0.0,8.212313505917822e-05
807,,,,,,,,,,0.0,0.0,8.334806362061346e-05
808,,,,,,,,,,0.0,0.0,8.400680940769824e-05
809,,,,,,,,,,0.0,0.0,8.290608439074622e-05
810,,,,,,,,,,0.0,0.0,8.354012344885388e-05
811,,,,,,,,,,0.0,0.0,8.140917997546284e-05
812,,,,,,,,,,0.0,0.0,7.982399502405033e-05
813,,,,,,,,,,0.0,0.0,8.191007191114324e-05
814,,,,,,,,,,0.0,0.0,8.13286660537641e-05
815,,,,,,,,,,0.0,0.0,8.108162546552049e-05
816,,,,,,,,,,0.0,0.0,8.167650733425295e-05
817,,,,,,,,,,0.0,0.0,8.154906738211696e-05
818,,,,,,,,,,0.0,0.0,8.141429109906857e-05
819,,,,,,,,,,0.0,0.0,8.169443630833996e-05
820,,,,,,,,,,0.0,0.0,8.342140489122951e-05
821,,,,,,,,,,0.0,0.0,8.170909034813719e-05
822,,,,,,,,,,0.0,0.0,8.42880988882905e-05
823,,,,,,,,,,0.0,0.0,8.382633403804678e-05
824,,,,,,,,,,0.0,0.0,8.265174569329523e-05
825,,,,,,,,,,0.0,0.0,8.128590370081884e-05
826,,,,,,,,,,0.0,0.0,7.938238369260287e-05
827,,,,,,,,,,0.0,0.0,7.965030647763054e-05
828,,,,,,,,,,0.0,0.0,7.941748735927487e-05
829,,,,,,,,,,0.0,0.0,7.998565346720889e-05
830,,,,,,,,,,0.0,0.0,7.933166000438019e-05
831,,,,,,,,,,0.0,0.0,7.763451988137506e-05
832,,,,,,,,,,0.0,0.0,7.799271154893796e-05
833,,,,,,,,,,0.0,0.0,7.80150482445796e-05
834,,,,,,,,,,0.0,0.0,7.713346496453926e-05
835,,,,,,,,,,0.0,0.0,7.550721469008367e-05
836,,,,,,,,,,0.0,0.0,7.495757566653052e-05
837,,,,,,,,,,0.0,0.0,0.0
838,,,,,,,,,,0.0,0.0,0.0
839,,,,,,,,,,0.0,0.0,0.0
840,,,,,,,,,,0.0,0.0,0.0
841,,,,,,,,,,0.0,0.0,0.0
842,,,,,,,,,,0.0,0.0,0.0
843,,,,,,,,,,0.0,0.0,0.0
844,,,,,,,,,,0.0,0.0,0.0
845,,,,,,,,,,0.0,0.0,0.0
846,,,,,,,,,,0.0,0.0,0.0
847,,,,,,,,,,0.0,0.0,0.0
848,,,,,,,,,,0.0,0.0,0.0
849,,,,,,,,,,0.0,0.0,0.0
850,,,,,,,,,,0.0,0.0,0.0
851,,,,,,,,,,0.0,0.0,0.0
852,,,,,,,,,,0.0,0.0,0.0
853,,,,,,,,,,0.0,0.0,0.0
854,,,,,,,,,,0.0,0.0,0.0
855,,,,,,,,,,0.0,0.0,0.0
856,,,,,,,,,,0.0,0.0,0.0
857,,,,,,,,,,0.0,0.0,0.0
858,,,,,,,,,,0.0,0.0,0.0
859,,,,,,,,,,0.0,0.0,0.0
860,,,,,,,,,,0.0,0.0,0.0
861,,,,,,,,,,0.0,0.0,0.0
862,,,,,,,,,,0.0,0.0,0.0
863,,,,,,,,,,0.0,0.0,0.0
864,,,,,,,,,,0.0,0.0,0.0
865,,,,,,,,,,0.0,0.0,0.0
866,,,,,,,,,,0.0,0.0,0.0
867,,,,,,,,,,0.0,0.0,0.0
868,,,,,,,,,,0.0,0.0,0.0
869,,,,,,,,,,0.0,0.0,0.0
870,,,,,,,,,,0.0,0.0,0.0
871,,,,,,,,,,0.0,0.0,0.0
872,,,,,,,,,,0.0,0.0,0.0
873,,,,,,,,,,0.0,0.0,0.0
874,,,,,,,,,,0.0,0.0,0.0
875,,,,,,,,,,0.0,0.0,0.0
876,,,,,,,,,,0.0,0.0,0.0
877,,,,,,,,,,0.0,0.0,0.0
878,,,,,,,,,,0.0,0.0,0.0
879,,,,,,,,,,0.0,0.0,0.0
880,,,,,,,,,,0.0,0.0,0.0
881,,,,,,,,,,0.0,0.0,0.0
882,,,,,,,,,,0.0,0.0,0.0
883,,,,,,,,,,0.0,0.0,0.0
884,,,,,,,,,,0.0,0.0,0.0
885,,,,,,,,,,0.0,0.0,0.0
886,,,,,,,,,,0.0,0.0,0.0
887,,,,,,,,,,0.0,0.0,0.0
888,,,,,,,,,,0.0,0.0,0.0
889,,,,,,,,,,0.0,0.0,0.0
890,,,,,,,,,,0.0,0.0,0.0
891,,,,,,,,,,0.0,0.0,0.0
892,,,,,,,,,,0.0,0.0,0.0
893,,,,,,,,,,0.0,0.0,0.0
894,,,,,,,,,,0.0,0.0,0.0
895,,,,,,,,,,0.0,0.0,0.0
896,,,,,,,,,,0.0,0.0,0.0
897,,,,,,,,,,0.0,0.0,0.0
898,,,,,,,,,,0.0,0.0,0.0
899,,,,,,,,,,0.0,0.0,0.0
900,,,,,,,,,,0.0,0.0,0.0
901,,,,,,,,,,0.0,0.0,0.0
902,,,,,,,,,,0.0,0.0,0.0
903,,,,,,,,,,0.0,0.0,0.0
904,,,,,,,,,,0.0,0.0,0.0
905,,,,,,,,,,0.0,0.0,0.0
906,,,,,,,,,,0.0,0.0,0.0
907,,,,,,,,,,0.0,0.0,0.0
908,,,,,,,,,,0.0,0.0,0.0
909,,,,,,,,,,0.0,0.0,0.0
910,,,,,,,,,,0.0,0.0,0.0
911,,,,,,,,,,0.0,0.0,0.0
912,,,,,,,,,,0.0,0.0,0.0
913,,,,,,,,,,0.0,0.0,0.0
914,,,,,,,,,,0.0,0.0,0.0
915,,,,,,,,,,0.0,0.0,0.0
