,rcv1 | subsample | sketch_size = m^(2/3) = 1307 | residual_norms (median),rcv1 | subsample | sketch_size = m^(2/3) = 1307 | residual_norms (1st quartile),rcv1 | subsample | sketch_size = m^(2/3) = 1307 | residual_norms (3rd quartile),rcv1 | gaussian | sketch_size = m^(2/3) = 1307 | residual_norms (median),rcv1 | gaussian | sketch_size = m^(2/3) = 1307 | residual_norms (1st quartile),rcv1 | gaussian | sketch_size = m^(2/3) = 1307 | residual_norms (3rd quartile),rcv1 | count | sketch_size = m^(2/3) = 1307 | residual_norms (median),rcv1 | count | sketch_size = m^(2/3) = 1307 | residual_norms (1st quartile),rcv1 | count | sketch_size = m^(2/3) = 1307 | residual_norms (3rd quartile),rcv1 | subcount | sketch_size = m^(2/3) = 1307 | residual_norms (median),rcv1 | subcount | sketch_size = m^(2/3) = 1307 | residual_norms (1st quartile),rcv1 | subcount | sketch_size = m^(2/3) = 1307 | residual_norms (3rd quartile)
0,1.0,1.0,1.0,1.0,1.0,1.0,1.0,1.0,1.0,1.0,1.0,1.0
1,0.3867654805257863,0.35963649287193894,0.38820894644638276,0.0032376734225002335,0.0032001398791543885,0.0032721914048913134,0.003322485763241525,0.0033012369209978764,0.003387916131563215,0.12094643496356476,0.1078171426433817,0.12284957886137199
2,0.16338926374520146,0.15781975224471123,0.17764077917385865,0.005195837872624702,0.005175339376823038,0.005218052663404914,0.005166681999343789,0.005153759334231171,0.005189863169460295,0.0481285919707787,0.00795519118284505,0.050635054266848424
3,0.10148054189097279,0.0998262211697159,0.1094875047930677,0.0012133727507079096,0.0012015700354018825,0.0012282797703726004,0.0012370759819024368,0.0012301758701539782,0.001244579697418056,0.037611617282719896,0.016061952940462264,0.042431615985375204
4,0.0737222035335904,0.06500453144633349,0.08720304373984199,0.0010326022652445634,0.0010204228803193565,0.0010404980135129641,0.0010599043829162625,0.0010586189041230372,0.0010641257852554832,0.019885197650389964,0.004558590971765477,0.0356133984669461
5,0.06597728719145614,0.06070872224705076,0.07317563492338977,0.0009126234840665495,0.0009059135739690767,0.0009197207914226623,0.0009337806104062412,0.000929632778325044,0.0009383247601636639,0.003864118035112576,0.0034060355159629603,0.0039339544998386565
6,0.05819685736387786,0.04911886259359736,0.06815922347335271,,,,,,,0.011520341188472972,0.00903017923859685,0.017021281444902957
7,0.053221427071703076,0.042999396075908955,0.0558698383520258,,,,,,,0.003566685367308086,0.0033401092298427147,0.013810290182672158
8,0.05291066605329597,0.03964065077002505,0.057310067899701854,,,,,,,0.0062601931993597594,0.003623091127508696,0.016622427636109435
9,0.05241621326046982,0.041458908655475274,0.05420650233419635,,,,,,,0.010210925551225986,0.0036675569427635055,0.014124016740077324
10,0.04921750656778556,0.04868423623174985,0.052469720888109375,,,,,,,0.0022989906351560613,0.0021708516221550797,0.0037628339390910074
11,0.04637523538620205,0.04593896871841627,0.05452228339055598,,,,,,,0.004663949565920472,0.0021683715787508212,0.007687662146162468
12,0.04350109595651709,0.03794119340154391,0.0439108461661456,,,,,,,0.004626750198012054,0.0019356812594403978,0.005186339872506896
13,0.040041813393573635,0.032915994065852376,0.04294472624738484,,,,,,,0.005883694852038906,0.005373509307643617,0.009230916220963947
14,0.038454492538979305,0.03177881011693018,0.04069577008971489,,,,,,,0.001658518146050346,0.0014752287104233565,0.005129843449247869
15,0.04226675365633099,0.036461301593901284,0.047128491589697744,,,,,,,0.004564791094399203,0.0014709440448198497,0.006533321289720305
16,0.03906346878604937,0.036658876879177356,0.043477033636319655,,,,,,,0.0013546055886364927,0.001216396831844243,0.0013811347080915574
17,0.03925206733693178,0.037034332631564484,0.040084191978072524,,,,,,,0.004268161473704323,0.003048003415823445,0.004388533860326351
18,0.03556351172099428,0.030900520701413036,0.041162606151191855,,,,,,,0.001153931708366594,0.001123276270364394,0.001179892854851222
19,0.03226786042747662,0.028257778199482275,0.03567259899171647,,,,,,,0.0011344218793143247,0.0009783389807429177,0.0026460118510410378
20,0.029122960107114963,0.02880852494356691,0.03185272566936222,,,,,,,0.0010065036679518654,0.0,0.0038762641366935
21,0.03577872709961273,0.02663312790438698,0.039105088774601046,,,,,,,0.0009509805860938075,0.0,0.00197593361962386
22,0.03558597506441824,0.029569049965027443,0.036403669919234834,,,,,,,0.0,0.0,0.0009155024672680392
23,0.03403572585228444,0.02895197510192184,0.03447720805106438,,,,,,,0.0,0.0,0.0
24,0.028858405965306946,0.02780264359859553,0.03412171799773691,,,,,,,,,
25,0.03400059033089718,0.03336924290872547,0.03486670525385101,,,,,,,,,
26,0.032858019340936316,0.031146357422399306,0.03336764813330524,,,,,,,,,
27,0.031363551056668375,0.03001424446170761,0.032394986153658975,,,,,,,,,
28,0.027957550134137168,0.02645315664489057,0.03258215503887961,,,,,,,,,
29,0.02842947471340631,0.028338694894347805,0.035285198322809665,,,,,,,,,
30,0.02833204839453042,0.026992118410002965,0.030241852262941748,,,,,,,,,
31,0.02703760620975479,0.026048437433974593,0.02707494230439711,,,,,,,,,
32,0.028094072309613773,0.027042849796366026,0.02886662515743702,,,,,,,,,
33,0.02707089432208207,0.02615838242232428,0.03085273646736515,,,,,,,,,
34,0.029569002099651364,0.02578702529738595,0.030235199610019605,,,,,,,,,
35,0.02860545498405861,0.02760359153268211,0.030227474661130856,,,,,,,,,
36,0.027920479299444426,0.026834412778917714,0.02818820868703039,,,,,,,,,
37,0.027563994305745642,0.027334276385362895,0.028389147767966933,,,,,,,,,
38,0.030955414105256138,0.02704275960123514,0.038042299506490324,,,,,,,,,
39,0.026214130433624024,0.01996294128675666,0.03454010211274868,,,,,,,,,
40,0.02705530100792504,0.018971055142308412,0.028113459666521314,,,,,,,,,
41,0.024303813077521656,0.018139947330203157,0.02561675535833283,,,,,,,,,
42,0.025423697107025026,0.022689839838996775,0.026543382228673203,,,,,,,,,
43,0.024724096155323786,0.023085308934358412,0.02682148263231249,,,,,,,,,
44,0.02729134090803975,0.024372786012702867,0.028057763640414856,,,,,,,,,
45,0.027364699538410853,0.02445986805627026,0.027514694279681923,,,,,,,,,
46,0.02555995569272702,0.025038367802714394,0.026199938267847334,,,,,,,,,
47,0.024121732016195937,0.023600672252904912,0.02578422246863825,,,,,,,,,
48,0.023926277517760483,0.022080870456334847,0.024599848927048786,,,,,,,,,
49,0.020554717317803492,0.01803636472524064,0.02467033426415766,,,,,,,,,
50,0.02248638197698261,0.0199314588237952,0.02596166607614465,,,,,,,,,
51,0.020590063796982964,0.020386319260265004,0.025088714493126482,,,,,,,,,
52,0.02302318795661453,0.022727235375119333,0.027214422178912477,,,,,,,,,
53,0.02236538817850157,0.01985996940042667,0.024658825321043666,,,,,,,,,
54,0.021634564413770385,0.019724229150491737,0.022869499200168234,,,,,,,,,
55,0.023999315616339875,0.0236185281910393,0.02435275444392029,,,,,,,,,
56,0.025365431780243815,0.023820713750356482,0.0254524703981056,,,,,,,,,
57,0.0239288312366855,0.023237201451711195,0.026725584313473952,,,,,,,,,
58,0.02129433781938255,0.021110644213761756,0.023890639644633237,,,,,,,,,
59,0.02112519393088657,0.01875391432572946,0.02274376852653581,,,,,,,,,
60,0.020430560701405056,0.018564225053547895,0.021967297218219647,,,,,,,,,
61,0.0220936918202582,0.02205605423194417,0.02323058853904509,,,,,,,,,
62,0.023200955948034653,0.021241158248424902,0.02459031416475505,,,,,,,,,
63,0.022753643549418345,0.020944984121913472,0.02342969832593775,,,,,,,,,
64,0.020771554566383715,0.02045087592117348,0.021473995873135802,,,,,,,,,
65,0.024485974401725376,0.02132448941483504,0.02587776907297682,,,,,,,,,
66,0.025199285220527688,0.02418958344011449,0.02614800228424066,,,,,,,,,
67,0.023539298595374923,0.02302503126377263,0.02427991873706029,,,,,,,,,
68,0.02303029199519806,0.02085134156274202,0.023366232563639518,,,,,,,,,
69,0.021702821172342943,0.020805884661701964,0.022528674537965407,,,,,,,,,
70,0.021688119142869885,0.02113584214215392,0.022765574271966346,,,,,,,,,
71,0.022293468622663185,0.019819484410593557,0.02284619520011187,,,,,,,,,
72,0.021420188168469995,0.02081305489991394,0.022905247026852527,,,,,,,,,
73,0.021568884215546865,0.02029307420159755,0.021745026230792264,,,,,,,,,
74,0.019170793667720117,0.01735764359874531,0.0208159380485525,,,,,,,,,
75,0.01953162054495914,0.01853376276220493,0.02077587490276261,,,,,,,,,
76,0.01999979862401551,0.018346605786188134,0.0201206666765355,,,,,,,,,
77,0.02050997265531134,0.018431696439251993,0.02107031649615838,,,,,,,,,
78,0.019818655440023102,0.018670016297390856,0.02020831369126803,,,,,,,,,
79,0.02138447382956477,0.02030839250190008,0.022061563529109325,,,,,,,,,
80,0.021259975055456133,0.02118745144658029,0.021793855826767277,,,,,,,,,
81,0.020077171440315435,0.019736112375060563,0.022404486568776014,,,,,,,,,
82,0.01892514882335253,0.015975769347613553,0.019464949839855188,,,,,,,,,
83,0.0172345486490743,0.01668454192823556,0.020161738348218505,,,,,,,,,
84,0.020680688384156508,0.019555993685762968,0.020704074828296053,,,,,,,,,
85,0.020301956533554787,0.020111217507717324,0.02087620224829367,,,,,,,,,
86,0.02078305476565067,0.018603330821804452,0.021045898048562797,,,,,,,,,
87,0.02102013582075265,0.019150761041117893,0.02110526609790451,,,,,,,,,
88,0.020213668748563982,0.01950456217012076,0.021925926040445052,,,,,,,,,
89,0.02038135038405089,0.01982325581511949,0.0231791793515715,,,,,,,,,
90,0.023082627941970992,0.022661753089499397,0.023153241924542305,,,,,,,,,
91,0.02244036651573439,0.022152523197482978,0.02249130063323448,,,,,,,,,
92,0.020326121349228298,0.01949386067207428,0.021122073080939725,,,,,,,,,
93,0.018652822714670815,0.01808018783482362,0.01934711324928984,,,,,,,,,
94,0.01919098142176047,0.01752837790237644,0.019924907903431245,,,,,,,,,
95,0.021209721823837884,0.017592149097786208,0.02144267552765986,,,,,,,,,
96,0.02114562916234407,0.01839387396034179,0.022428938249578624,,,,,,,,,
97,0.020788003684315704,0.0177080179715519,0.021252235324407436,,,,,,,,,
98,0.019166755920930673,0.016679668182393668,0.019883492700778115,,,,,,,,,
99,0.01838891432970339,0.017643964661324243,0.019844946722444152,,,,,,,,,
100,0.019116783786313794,0.018501088498866506,0.02032317100790494,,,,,,,,,
101,0.01938701801025989,0.01767445329488336,0.019401630098185713,,,,,,,,,
102,0.017861517993567926,0.01713668050626448,0.01910638618433509,,,,,,,,,
103,0.01877685703275605,0.017669814661392752,0.01907805389391096,,,,,,,,,
104,0.018853141100886147,0.01763418336879612,0.019334095280777744,,,,,,,,,
105,0.018895777435444454,0.018039579291571153,0.019371809960043198,,,,,,,,,
106,0.01802641630695719,0.01800068076210778,0.02049139792933948,,,,,,,,,
107,0.017293886128841238,0.015588436157008466,0.020558594841160696,,,,,,,,,
108,0.019049109320230642,0.016526013979604997,0.019236152796069224,,,,,,,,,
109,0.01869346551268738,0.017054943945246582,0.019578483974893045,,,,,,,,,
110,0.018793677288212813,0.018175002383181205,0.019118697011253034,,,,,,,,,
111,0.018797767728201534,0.018155261244625787,0.02019997925248394,,,,,,,,,
112,0.02148930565465814,0.018041844042129572,0.021619959788719893,,,,,,,,,
113,0.019560769180266994,0.018168548581596337,0.0207951307511534,,,,,,,,,
114,0.018474376053356032,0.017582497508481457,0.018553101282333433,,,,,,,,,
115,0.01827743721960516,0.018118248186046904,0.01827963722465903,,,,,,,,,
116,0.017876434550931457,0.01723673593928559,0.01797307846785006,,,,,,,,,
117,0.018507011490945423,0.01744866384913785,0.01860828268545126,,,,,,,,,
118,0.018115405872547966,0.017728831233132698,0.019225465360276934,,,,,,,,,
119,0.01830244612605747,0.017638609956351713,0.019452081198958342,,,,,,,,,
120,0.018017986265908455,0.017977136496450226,0.018433668222701944,,,,,,,,,
121,0.01794788111589299,0.017453956765020855,0.018198910679688547,,,,,,,,,
122,0.01769409544898644,0.00886262408812556,0.01781829954827952,,,,,,,,,
123,0.014822697800165313,0.003622810852152754,0.01787571596874867,,,,,,,,,
124,0.014527830086024577,0.010409269396362063,0.01818814251097552,,,,,,,,,
125,0.014771011590254709,0.012575492655529678,0.018451417490565235,,,,,,,,,
126,0.015125502952175377,0.014215801827522375,0.018235860668810246,,,,,,,,,
127,0.01751071636966547,0.013656386888741582,0.017810457431846054,,,,,,,,,
128,0.016545330640413,0.013763500786317906,0.01664649831264925,,,,,,,,,
129,0.01547319498002293,0.014795350385882616,0.017223245225697636,,,,,,,,,
130,0.015659861436877788,0.014844990187262035,0.018283344637523458,,,,,,,,,
131,0.015393719519857922,0.014769860895945005,0.01738597019752237,,,,,,,,,
132,0.017387960340088465,0.014729198373921197,0.018013232776061667,,,,,,,,,
133,0.014473191687698629,0.013723348431608539,0.017846718801869457,,,,,,,,,
134,0.014351741726412223,0.003271351169272373,0.015820657708445655,,,,,,,,,
135,0.015429739343270604,0.012511853372565772,0.017911936163347224,,,,,,,,,
136,0.014782515473118981,0.0053154193751503535,0.015560931423245496,,,,,,,,,
137,0.014197718815072678,0.010436669872710963,0.015147237365208914,,,,,,,,,
138,0.012710019740697485,0.010477254528944132,0.014680574537825649,,,,,,,,,
139,0.014433958056437424,0.01073552607073726,0.01470347659235108,,,,,,,,,
140,0.014382708757976101,0.014150761102685093,0.015348602455237845,,,,,,,,,
141,0.014202878691412941,0.013801681526632012,0.014499490609774927,,,,,,,,,
142,0.01457353981574748,0.01262934495772876,0.01512852276571942,,,,,,,,,
143,0.01327460587322986,0.013016321612199826,0.01588301395515636,,,,,,,,,
144,0.013920695589966399,0.012104662512972689,0.017137342772514615,,,,,,,,,
145,0.014407396161193653,0.012748942505203791,0.017219096274313415,,,,,,,,,
146,0.015337921363588691,0.013052410000849975,0.01540263070147866,,,,,,,,,
147,0.012924390359129465,0.012719598049160686,0.014982901533306251,,,,,,,,,
148,0.012976677832154433,0.011969238528446672,0.015734075824325823,,,,,,,,,
149,0.012958440066917418,0.0115484750803251,0.015864056621936806,,,,,,,,,
150,0.012978267899586261,0.012580192215138848,0.016113936563667313,,,,,,,,,
151,0.012850024052938284,0.012563047434568016,0.014944683707151896,,,,,,,,,
152,0.014000737828135898,0.011650937587987428,0.015123265055639419,,,,,,,,,
153,0.01346818171681376,0.012588278848255502,0.015447314756083687,,,,,,,,,
154,0.01406735326805437,0.012678619061154181,0.016368168502744557,,,,,,,,,
155,0.014774424176578177,0.013156055940880089,0.015338601441613557,,,,,,,,,
156,0.014109101354414759,0.013739599439815177,0.0168453350761349,,,,,,,,,
157,0.012943893740565503,0.012924329168119307,0.015597386295936443,,,,,,,,,
158,0.012608617164272536,0.01238739895744921,0.015742609947517847,,,,,,,,,
159,0.01324559428447756,0.01312687313561915,0.015850211467080186,,,,,,,,,
160,0.013866056419638596,0.012564436720261385,0.016212112953183592,,,,,,,,,
161,0.01382955146691453,0.013559631529923623,0.01666227968370718,,,,,,,,,
162,0.013987058859361473,0.01342956152711011,0.01657996903197785,,,,,,,,,
163,0.016152166990992922,0.014938428581376867,0.016211693179863738,,,,,,,,,
164,0.015463338777566034,0.014814930160915611,0.015954964330076152,,,,,,,,,
165,0.015170769848974926,0.01412902483953818,0.016309622505603232,,,,,,,,,
166,0.015515908844079294,0.013511839711725574,0.016637232651613706,,,,,,,,,
167,0.01599467460364495,0.014575541905433325,0.016417606137556454,,,,,,,,,
168,0.015184199763777318,0.013556490963818332,0.015662278956658383,,,,,,,,,
169,0.01520048924223407,0.013156315303336621,0.015602372064589925,,,,,,,,,
170,0.013402299559841173,0.0125513640020017,0.014962742621282317,,,,,,,,,
171,0.01343252977604258,0.013218116928119994,0.014291793141074403,,,,,,,,,
172,0.015171642097175012,0.013383022555127523,0.01575124032430423,,,,,,,,,
173,0.01523837315481662,0.015006704305016615,0.015579467094197184,,,,,,,,,
174,0.01578330307860141,0.01483390047979192,0.016092369118884085,,,,,,,,,
175,0.014755591692250094,0.014486662428233085,0.015519797509172865,,,,,,,,,
176,0.014442766296644777,0.01254890849570037,0.014789785716070314,,,,,,,,,
177,0.01339434240082889,0.012017344608517415,0.013751555316723672,,,,,,,,,
178,0.012386961377369065,0.01202824965011671,0.01430666679100209,,,,,,,,,
179,0.014562313673455347,0.01395442153754905,0.01475357820414348,,,,,,,,,
180,0.015343615649159049,0.015054349507048488,0.015451621542454051,,,,,,,,,
181,0.014450524553327139,0.014370498270369604,0.01495273942318842,,,,,,,,,
182,0.013959923298490266,0.012109406760208365,0.015048860629078448,,,,,,,,,
183,0.014521170923771911,0.012307209826549396,0.015075787354241203,,,,,,,,,
184,0.013831382866046965,0.012879116540300897,0.0142007646268909,,,,,,,,,
185,0.01372692041196567,0.012640713997493868,0.013759100641066118,,,,,,,,,
186,0.012454983215040261,0.012236766304247523,0.013732199549322718,,,,,,,,,
187,0.012740029429761435,0.01248094236626848,0.01395639734539467,,,,,,,,,
188,0.013103395554003933,0.013069743572328627,0.013458055514781292,,,,,,,,,
189,0.01252145836402685,0.01237878673747004,0.013700337360307136,,,,,,,,,
190,0.012928129219100089,0.012775584343795032,0.014821665440913675,,,,,,,,,
191,0.012970250433761826,0.012767674782839532,0.01338217829193499,,,,,,,,,
192,0.012940799122747872,0.012622108691925118,0.013227133892124812,,,,,,,,,
193,0.013210657396691448,0.012286051381855963,0.01328458171400603,,,,,,,,,
194,0.012727429942624296,0.012096785745430673,0.013990152626055316,,,,,,,,,
195,0.012900347884259944,0.012773625595338876,0.014896430262553799,,,,,,,,,
196,0.014348909982523368,0.012617065081751916,0.014738823083535933,,,,,,,,,
197,0.013464679336406013,0.013277713141775147,0.014361912959472353,,,,,,,,,
198,0.013016811625621927,0.012803862574095878,0.013953297263429943,,,,,,,,,
199,0.013300867888330016,0.012743476694445794,0.013538998473042059,,,,,,,,,
200,0.013899177034579097,0.012761088655923654,0.014299246336593041,,,,,,,,,
201,0.014004972474675071,0.013908073710294048,0.014044113795365668,,,,,,,,,
202,0.014496892010816149,0.014117131620449239,0.014656082385079127,,,,,,,,,
203,0.014385113948807036,0.014155443565323179,0.014842937646325062,,,,,,,,,
204,0.014379507016692578,0.014028755596252858,0.015867752347632845,,,,,,,,,
205,0.01527302872896336,0.014852952925655983,0.01549709748749137,,,,,,,,,
206,0.014789783004284338,0.014490992614404525,0.01544999863486658,,,,,,,,,
207,0.013639704109922025,0.013144827318588006,0.013792578646854237,,,,,,,,,
208,0.012505517613880853,0.012327070851233687,0.012797561745625451,,,,,,,,,
209,0.012746339925666848,0.012216414962524512,0.01318443490840005,,,,,,,,,
210,0.013386673545119986,0.012911263132963325,0.014607522810847028,,,,,,,,,
211,0.014235032261517266,0.013653801608629107,0.014853622345019371,,,,,,,,,
212,0.01452168856185259,0.013552906422568081,0.01465132637219736,,,,,,,,,
213,0.013690402323919418,0.013491585855098813,0.014371128281434623,,,,,,,,,
214,0.013960335175465476,0.013891341663306309,0.014324352905252349,,,,,,,,,
215,0.01442748247040562,0.01304519326191172,0.015166271877342472,,,,,,,,,
216,0.012417307111456822,0.0019655075116664427,0.014873017165201506,,,,,,,,,
217,0.01305729414448947,0.0035383683858718094,0.014136573360954962,,,,,,,,,
218,0.013150950664401908,0.009170599036645582,0.013934102138259703,,,,,,,,,
219,0.01283509874560069,0.012483524076896508,0.01401105494188273,,,,,,,,,
220,0.013033224731089423,0.012169712134658683,0.014082416176701664,,,,,,,,,
221,0.012842419725676568,0.009456383760761435,0.013103018457840386,,,,,,,,,
222,0.012742675199597183,0.008726425838692238,0.013002613103062664,,,,,,,,,
223,0.012740186361907989,0.009890004651156763,0.013576369887226398,,,,,,,,,
224,0.0115160697672878,0.00782047756762435,0.013275610017554472,,,,,,,,,
225,0.012084788989487167,0.008447587748070076,0.01327224290604471,,,,,,,,,
226,0.011627379890149819,0.006417021704217852,0.012901059925933007,,,,,,,,,
227,0.010803962341464853,0.005880833353436872,0.01154397856304124,,,,,,,,,
228,0.01124944123055832,0.006031342237128889,0.013275976932293557,,,,,,,,,
229,0.011793821286449664,0.006988104357855809,0.012947392345168729,,,,,,,,,
230,0.011356949846185294,0.010639068229236392,0.011775276084448625,,,,,,,,,
231,0.01156867323366254,0.011504906418801683,0.012494750915380534,,,,,,,,,
232,0.01142594450212313,0.01100731437982657,0.01176070369270575,,,,,,,,,
233,0.010965980656604327,0.010779983094770022,0.012417096615036706,,,,,,,,,
234,0.011551275589644677,0.011222024241880171,0.01196106184372507,,,,,,,,,
235,0.01162489237545701,0.01141002080700634,0.011845627128795794,,,,,,,,,
236,0.01208625310831864,0.011555263724213678,0.012382312987166546,,,,,,,,,
237,0.011310052353561108,0.01124034820055034,0.011976371408296445,,,,,,,,,
238,0.011274903717930973,0.009971505101604524,0.011865453092071787,,,,,,,,,
239,0.010843170717984647,0.009339077947251887,0.012653145836302048,,,,,,,,,
240,0.010326750052439009,0.009027128338206545,0.012667196419611126,,,,,,,,,
241,0.010022586573721744,0.009144652136222097,0.01239728567704702,,,,,,,,,
242,0.011298093222596742,0.011287105536158328,0.012490303236396263,,,,,,,,,
243,0.011425858870027705,0.010928351025525513,0.013335498125386798,,,,,,,,,
244,0.01201874263462196,0.010807175631898936,0.012204405224914927,,,,,,,,,
245,0.011599059932997806,0.009266982878265521,0.012173205893862893,,,,,,,,,
246,0.011515596596613923,0.009005096506476804,0.012702167255263505,,,,,,,,,
247,0.01134983134516822,0.008937274346799893,0.012946102097003686,,,,,,,,,
248,0.01042145100917014,0.010383421311062391,0.012257972435444235,,,,,,,,,
249,0.01162841492249502,0.010411148900879429,0.012193332328111603,,,,,,,,,
250,0.01218908365966664,0.01186334144944511,0.01258930061680146,,,,,,,,,
251,0.011813839648815003,0.010994606815789483,0.012970035725769985,,,,,,,,,
252,0.008692667297038518,0.008054646640083723,0.01392336706884362,,,,,,,,,
253,0.00878329826826063,0.008171227497959739,0.013695143836959979,,,,,,,,,
254,0.010995733122728085,0.010228342098601463,0.012288897911978978,,,,,,,,,
255,0.01146433364606295,0.010592718220903255,0.011790299350756681,,,,,,,,,
256,0.010313954743217585,0.008135183834928068,0.011120262199740966,,,,,,,,,
257,0.009416987170676674,0.007489348725369233,0.01173429113019098,,,,,,,,,
258,0.009069550470778195,0.007395812567980629,0.012233879127139895,,,,,,,,,
259,0.00884136861436418,0.00811441685863541,0.012914676479700427,,,,,,,,,
260,0.00926903880969864,0.009206479322009391,0.012011501596722263,,,,,,,,,
261,0.010038485119264778,0.007513367871209028,0.012532326153835475,,,,,,,,,
262,0.010540168402131345,0.006404253222562274,0.012581973230253077,,,,,,,,,
263,0.010939765164190882,0.006983267374298257,0.011757236381661996,,,,,,,,,
264,0.009914576524083894,0.007697816327717983,0.012141948204942101,,,,,,,,,
265,0.011358475301721889,0.008542089194851407,0.011513476238568628,,,,,,,,,
266,0.011379293353913597,0.009547804521878625,0.013556392684913248,,,,,,,,,
267,0.011488535391229506,0.010041639529857213,0.01290726829538874,,,,,,,,,
268,0.012269112691581019,0.009128660225972174,0.013085688867466196,,,,,,,,,
269,0.011705428684637522,0.00830797371158572,0.013090313115802384,,,,,,,,,
270,0.011257578218487952,0.008376090654752642,0.012761571596441246,,,,,,,,,
271,0.011550402247340412,0.008917157087921315,0.01248840856639192,,,,,,,,,
272,0.012103859146765407,0.010339828245062736,0.012719468176670494,,,,,,,,,
273,0.011861894506892026,0.010522392696460795,0.012760572604232514,,,,,,,,,
274,0.011476917824354234,0.010221999532198814,0.011804968380200067,,,,,,,,,
275,0.011391178297189372,0.008136117327168953,0.011704914540845891,,,,,,,,,
276,0.01127120427033063,0.008291069761219043,0.01180419323118881,,,,,,,,,
277,0.010770951680014912,0.0077696754644408965,0.012440536414275017,,,,,,,,,
278,0.011780721213934984,0.007546667283906488,0.01238546117400835,,,,,,,,,
279,0.011353042255450068,0.007915855296434116,0.01161399628424517,,,,,,,,,
280,0.010677004783212218,0.008894650183069962,0.011533581812749936,,,,,,,,,
281,0.010529756131480411,0.009595470636171307,0.011464635892760632,,,,,,,,,
282,0.01079432761670704,0.009339385384444567,0.011881832348709079,,,,,,,,,
283,0.011569980692620024,0.009208727149577007,0.011934192734496842,,,,,,,,,
284,0.009351787514334022,0.006597928757528926,0.012404029513780158,,,,,,,,,
285,0.009181762981298037,0.00633424002941971,0.012140618328573551,,,,,,,,,
286,0.008745578015125929,0.006666958136092131,0.011278690823894537,,,,,,,,,
287,0.011869550145307148,0.008289285572124185,0.01191934050679869,,,,,,,,,
288,0.011398293619665984,0.009084079684370312,0.012759780292879015,,,,,,,,,
289,0.011715011736281583,0.009315039795618946,0.012189722897096942,,,,,,,,,
290,0.01202795635574006,0.009091651000180053,0.01229846912373992,,,,,,,,,
291,0.011727331501042939,0.009052905528465867,0.011938689536062561,,,,,,,,,
292,0.011986318498022864,0.009284964638805812,0.012612347139659436,,,,,,,,,
293,0.012446676296287484,0.009230983895566971,0.012842865623818797,,,,,,,,,
294,0.012403614401050046,0.009339241341145122,0.012627656217732179,,,,,,,,,
295,0.011082624153911083,0.008760337350370776,0.012279109327255481,,,,,,,,,
296,0.011005108113053415,0.009264338192291579,0.012295055590604188,,,,,,,,,
297,0.01203917289834456,0.01032102620085682,0.01219133519332911,,,,,,,,,
298,0.011731611461438907,0.011476175178342684,0.012625528194248649,,,,,,,,,
299,0.011065306971313187,0.010674552301676044,0.012630953273365048,,,,,,,,,
300,0.010879087837537563,0.010328887780306134,0.011630897572569437,,,,,,,,,
301,0.01060170088989637,0.009903516026749496,0.012390517935396382,,,,,,,,,
302,0.010052539780698743,0.009001640131417896,0.013779853722123184,,,,,,,,,
303,0.010802994484863935,0.008691905363977483,0.01273970284814717,,,,,,,,,
304,0.011837403901303839,0.009180622490520362,0.01258110821683492,,,,,,,,,
305,0.01136004369029617,0.009177801409778573,0.01139815603100125,,,,,,,,,
306,0.011344747192447487,0.00950832859127505,0.0116836313780594,,,,,,,,,
307,0.009562740399811946,0.001833708225817449,0.010861380986282664,,,,,,,,,
308,0.00866937006058519,0.004206561043407047,0.01097747739781304,,,,,,,,,
309,0.008010398964749173,0.00673065676450061,0.011676610001166711,,,,,,,,,
310,0.010404670416518002,0.007872586156948549,0.01254758002959107,,,,,,,,,
311,0.010824704355480122,0.00854039983448234,0.012518207267791091,,,,,,,,,
312,0.010585258609565312,0.008868881503222069,0.011559535128840323,,,,,,,,,
313,0.009372236292552736,0.008229961231339393,0.01118943583622443,,,,,,,,,
314,0.009524323858927146,0.00765643913956105,0.011022955749696316,,,,,,,,,
315,0.009294294166162015,0.00827271438500874,0.011570800855053303,,,,,,,,,
316,0.010565908320977275,0.009468865719616927,0.011391667731743046,,,,,,,,,
317,0.011547143364928264,0.009873040247526608,0.01155554337334529,,,,,,,,,
318,0.011303787316859605,0.010001657480529752,0.011340550044057162,,,,,,,,,
319,0.010904590350336902,0.009742673626436818,0.011502037283961365,,,,,,,,,
320,0.010326219815875766,0.009273347381619482,0.011399482062292424,,,,,,,,,
321,0.009822604491182068,0.00918345175238162,0.011413144463384083,,,,,,,,,
322,0.010280455103611261,0.008822458410728236,0.011328325710828575,,,,,,,,,
323,0.009828414312987283,0.008747137385827032,0.011998461504276909,,,,,,,,,
324,0.009718394590956072,0.009075848720673699,0.011395300912157633,,,,,,,,,
325,0.010060453669503545,0.008806526997962937,0.010547107832321696,,,,,,,,,
326,0.009256655075399634,0.006742445819338934,0.010081868337635113,,,,,,,,,
327,0.010440691749947459,0.006646058871487767,0.011022945381501652,,,,,,,,,
328,0.009578139041423626,0.005634994535762304,0.011782217814178698,,,,,,,,,
329,0.00919562144472904,0.008756690169113169,0.01149996524159889,,,,,,,,,
330,0.010497908780349148,0.009635413046064883,0.011190834412310932,,,,,,,,,
331,0.010537284913233958,0.010062325590984076,0.010732185976452265,,,,,,,,,
332,0.01067668645786387,0.008953520318773911,0.010846915391996656,,,,,,,,,
333,0.010332214087152994,0.008419864053728599,0.011064045151177457,,,,,,,,,
334,0.01001214664258485,0.007958063044758726,0.010850274523169341,,,,,,,,,
335,0.009894658399212252,0.007342694663941156,0.01136213140978677,,,,,,,,,
336,0.010078521599459232,0.007655546039898877,0.01198818294740623,,,,,,,,,
337,0.009761601713846097,0.00763242566515433,0.011698179335917953,,,,,,,,,
338,0.009439954296193757,0.00799498016855297,0.011437415022951552,,,,,,,,,
339,0.009567164269394546,0.009517286562659861,0.011599487177825125,,,,,,,,,
340,0.010085257375102198,0.00979566805824366,0.01132672577094041,,,,,,,,,
341,0.010152347674990438,0.008860556072245108,0.011483181249986868,,,,,,,,,
342,0.008574595000752338,0.008154711138406299,0.009935450966919002,,,,,,,,,
343,0.008814293622585363,0.0019278659157712693,0.01017862022685517,,,,,,,,,
344,0.009314824673458507,0.006303056505786296,0.010741749747045013,,,,,,,,,
345,0.010686948823826726,0.009372607300453983,0.01116180647532771,,,,,,,,,
346,0.010174179497930827,0.008275629945326242,0.01187454975749553,,,,,,,,,
347,0.009582704132541,0.009163221971954403,0.01124892482639904,,,,,,,,,
348,0.009916186560801146,0.009827350722699052,0.010136709187936785,,,,,,,,,
349,0.010650777891250386,0.010028607639884762,0.010981339773919357,,,,,,,,,
350,0.009974283041202948,0.009387804880919197,0.010446441322915551,,,,,,,,,
351,0.009151578571810141,0.007766308545214694,0.010536640670756771,,,,,,,,,
352,0.008886664332546762,0.0075970936001767565,0.010668993711550561,,,,,,,,,
353,0.009412096338494855,0.008123110548558098,0.009889884141008288,,,,,,,,,
354,0.009460000797220565,0.009040920704390679,0.009852905874701822,,,,,,,,,
355,0.010516229181493976,0.010213437378320372,0.010732489752191652,,,,,,,,,
356,0.010504040407525771,0.00733019154910672,0.0106146534317947,,,,,,,,,
357,0.009760051883656898,0.007135816861195543,0.009816066209346521,,,,,,,,,
358,0.009537710000540019,0.006039035109748126,0.00954683417721746,,,,,,,,,
359,0.009964797540342107,0.009787003463472641,0.009998360273795512,,,,,,,,,
360,0.0100914731637376,0.009650406214393026,0.010456212618405495,,,,,,,,,
361,0.00913735216097833,0.008553137807259335,0.010811755824694342,,,,,,,,,
362,0.007602208031848929,0.006428583411035962,0.008588280470567006,,,,,,,,,
363,0.0075498371452904734,0.00509368352459568,0.008312909507970593,,,,,,,,,
364,0.009072341782175504,0.005417616011840186,0.00966382427831825,,,,,,,,,
365,0.00889264702594031,0.00881383098687695,0.009271390954760293,,,,,,,,,
366,0.009540113017118598,0.00863906596918675,0.010304702561592279,,,,,,,,,
367,0.009804657020595004,0.008263893377966878,0.010108566067020422,,,,,,,,,
368,0.008836507203329213,0.005783656885393993,0.01004274808908589,,,,,,,,,
369,0.0089653277836948,0.006272663096988406,0.009561052121157453,,,,,,,,,
370,0.005000025020460205,0.004278272132417076,0.008702601510310803,,,,,,,,,
371,0.007469926383701347,0.005047736131964948,0.008827542889579734,,,,,,,,,
372,0.005241808499846696,0.004942209642512924,0.00760893224038535,,,,,,,,,
373,0.008259439082727905,0.004825717126561813,0.009238518618034002,,,,,,,,,
374,0.004873297260931982,0.0028721671115981874,0.010193509426628682,,,,,,,,,
375,0.004698980115385958,0.004235116707169494,0.010384161280211187,,,,,,,,,
376,0.0055575071667056395,0.005552622931058216,0.010357340147889227,,,,,,,,,
377,0.007147277007230335,0.006297519203723325,0.009391860780507988,,,,,,,,,
378,0.007890437259789137,0.005974240763360929,0.009054593959768513,,,,,,,,,
379,0.007532640787639324,0.006658064749054982,0.009440997269810196,,,,,,,,,
380,0.007665776283388267,0.007288597131850195,0.00976284922625572,,,,,,,,,
381,0.0072805134572347975,0.006917106526009878,0.009811337138660758,,,,,,,,,
382,0.007076743498290635,0.006488795418764734,0.0095249745424229,,,,,,,,,
383,0.00745878102695279,0.007009424679931281,0.0088032521804972,,,,,,,,,
384,0.007282033194737542,0.007123140009171226,0.009743959987097749,,,,,,,,,
385,0.007730286052481127,0.007376877756369512,0.00991459605565478,,,,,,,,,
386,0.007784962038528802,0.00658728893952507,0.009975662704659747,,,,,,,,,
387,0.007385158127406176,0.006817493572882041,0.009670451383677961,,,,,,,,,
388,0.006785221308790005,0.005239041629687912,0.007173690058087487,,,,,,,,,
389,0.005651074762087058,0.00547441538016398,0.008050027444612341,,,,,,,,,
390,0.00601036649529684,0.005691457149546828,0.008955207540504028,,,,,,,,,
391,0.006735825303809329,0.006555112427719165,0.008094254585996705,,,,,,,,,
392,0.007471123766191121,0.0070902430164174746,0.009577357765873136,,,,,,,,,
393,0.006873660854061475,0.006316210313363725,0.009786486286042598,,,,,,,,,
394,0.006804107545331492,0.006686642895407051,0.009428399185923088,,,,,,,,,
395,0.007227307046019793,0.0072170320238385795,0.008088928000402961,,,,,,,,,
396,0.008081326268840183,0.0061827511903655,0.008828057608357786,,,,,,,,,
397,0.00738530412118294,0.006303943866119853,0.009116645489479304,,,,,,,,,
398,0.007570991036597805,0.00661793576821922,0.009542617252587099,,,,,,,,,
399,0.00803029780104345,0.0054940151156117655,0.009635212019198506,,,,,,,,,
400,0.008726306787255564,0.004466165649962433,0.00923352353470273,,,,,,,,,
401,0.007855058567745363,0.004087550518986001,0.00961728726205511,,,,,,,,,
402,0.006598235343499063,0.005297595148971334,0.010051478433918038,,,,,,,,,
403,0.006721357380278019,0.005712656222868029,0.00919305504423592,,,,,,,,,
404,0.00624615610378361,0.005889895234776788,0.006737398656631845,,,,,,,,,
405,0.006751893344447619,0.005999308898252979,0.007337458916711922,,,,,,,,,
406,0.0067972574826610475,0.005671247384241056,0.008230917225411447,,,,,,,,,
407,0.006356993481551173,0.006213864764857011,0.007733920689262144,,,,,,,,,
408,0.006598991973867169,0.005792227013736592,0.007647858359700101,,,,,,,,,
409,0.006733380354526643,0.0060296391536271985,0.007570987063713175,,,,,,,,,
410,0.006329064767285066,0.005994098934358985,0.007340583881365187,,,,,,,,,
411,0.006228193717028165,0.00588335755057925,0.006751421726766778,,,,,,,,,
412,0.006622169309600663,0.005588822359695986,0.006926316342397748,,,,,,,,,
413,0.006534353762138741,0.00600880737052421,0.006981515833643647,,,,,,,,,
414,0.006334501064800422,0.006300504009760269,0.0074610425997813055,,,,,,,,,
415,0.006683782504985616,0.006331338244234278,0.007498013547241465,,,,,,,,,
416,0.0071935699313054975,0.006250705303418189,0.007208362981356563,,,,,,,,,
417,0.007219589397037608,0.006346060858899089,0.007945939532216706,,,,,,,,,
418,0.007174365336532453,0.005452427272898412,0.008158753978921232,,,,,,,,,
419,0.007878080018119746,0.005459501625862699,0.008278926495062481,,,,,,,,,
420,0.00804511713235605,0.005813927675271371,0.00825034457923634,,,,,,,,,
421,0.007524062171213326,0.0064634530539222045,0.007563537438454182,,,,,,,,,
422,0.007219486072931974,0.007008613629819261,0.00734052967588378,,,,,,,,,
423,0.007532530043799716,0.007311653419678509,0.007966609001390927,,,,,,,,,
424,0.007721671137308512,0.006734014977409514,0.00832079624319038,,,,,,,,,
425,0.0075246740238269685,0.00552387862295006,0.008387486244282991,,,,,,,,,
426,0.006668288092539428,0.005499467940810345,0.008413470453100638,,,,,,,,,
427,0.007393074978569227,0.005085325400295965,0.007634990818668639,,,,,,,,,
428,0.007748363429001618,0.005015874010771497,0.00785415722099024,,,,,,,,,
429,0.0077772236907976185,0.0050374402130482256,0.008130517795409499,,,,,,,,,
430,0.007772881512211689,0.005073791215884812,0.00854402405694278,,,,,,,,,
431,0.007757298366126875,0.005903833963055263,0.008107158736788361,,,,,,,,,
432,0.007884097069892397,0.006180510322040157,0.00789840801605299,,,,,,,,,
433,0.0065560069522192935,0.006430342222211589,0.008288574223492547,,,,,,,,,
434,0.006604199296895253,0.006310603984357126,0.007877829454770708,,,,,,,,,
435,0.006854053391558467,0.006099537965472432,0.007948633991382745,,,,,,,,,
436,0.007555040680709055,0.004894319252378065,0.007759527260458725,,,,,,,,,
437,0.00726105161664266,0.005321478091010116,0.008741390394105793,,,,,,,,,
438,0.007779630897857447,0.005346952307766705,0.0087910400431972,,,,,,,,,
439,0.007791668883638413,0.00556068838737587,0.007804649254924659,,,,,,,,,
440,0.007185960876102507,0.0059411269140574405,0.007342432923122608,,,,,,,,,
441,0.007531263048438563,0.0065515084460813205,0.007793927448101713,,,,,,,,,
442,0.007152470902002313,0.0069158712661942226,0.008095719369115328,,,,,,,,,
443,0.007661350931807134,0.006107698919783739,0.00841499104819936,,,,,,,,,
444,0.0084324952811336,0.00588540700180895,0.008817653885488582,,,,,,,,,
445,0.007599787379177899,0.005479277011885663,0.008932108668123847,,,,,,,,,
446,0.007478814279911643,0.005834855152205441,0.008365993921061562,,,,,,,,,
447,0.0077414386511631406,0.005801670291982245,0.00807561973937651,,,,,,,,,
448,0.007445965330072957,0.005880899709125729,0.007517121944722979,,,,,,,,,
449,0.007269720730661055,0.005345970346254765,0.007791550013397768,,,,,,,,,
450,0.006287755500076013,0.005305668971001034,0.007802737815495735,,,,,,,,,
451,0.006837371054419606,0.005831405066578002,0.007904952737919288,,,,,,,,,
452,0.007779119191505961,0.006274326207175547,0.008049968331047899,,,,,,,,,
453,0.008012079527091076,0.006176955606461939,0.008360052113364515,,,,,,,,,
454,0.008225082320880666,0.006194260853760682,0.008521796660702612,,,,,,,,,
455,0.006537650057802972,0.004146226218536497,0.008215850255017356,,,,,,,,,
456,0.006388071379111379,0.004841097692898022,0.007610992061524928,,,,,,,,,
457,0.00661495215260756,0.004819621075870972,0.007307185663730492,,,,,,,,,
458,0.007479967917504929,0.0069007436389326,0.007649997961065562,,,,,,,,,
459,0.007538610659563748,0.005235611050369325,0.008553659666459058,,,,,,,,,
460,0.007206374894920598,0.004219614613060665,0.007491287866669859,,,,,,,,,
461,0.0074791252441097356,0.004634700134101723,0.007587807776202986,,,,,,,,,
462,0.007289089103366776,0.0053568426128981095,0.008053156298971402,,,,,,,,,
463,0.007765086255098089,0.005434195708538935,0.007905340795343226,,,,,,,,,
464,0.007367531486228125,0.004665132129245098,0.007617350343536663,,,,,,,,,
465,0.007817974393468874,0.004037937509017164,0.007863722761968889,,,,,,,,,
466,0.007028432971411667,0.003954876334519219,0.007939839470917849,,,,,,,,,
467,0.006932783213917131,0.0051570635485624116,0.008125959661754932,,,,,,,,,
468,0.007597068743234379,0.005989794760868599,0.00787588924498222,,,,,,,,,
469,0.006365006390563804,0.006048066877838468,0.007784114107000802,,,,,,,,,
470,0.007043678699110584,0.00583751120387586,0.0071786271350161995,,,,,,,,,
471,0.007372712007999919,0.005542217040545058,0.008246630776886366,,,,,,,,,
472,0.008333469826263774,0.0049863529780585485,0.008522411821586669,,,,,,,,,
473,0.007338673810800838,0.0057822183938582615,0.007821449289577,,,,,,,,,
474,0.0066678040924850876,0.005532829792763886,0.008180024366287125,,,,,,,,,
475,0.007076603186213919,0.005350547023958104,0.0072518929363412366,,,,,,,,,
476,0.006889167855489518,0.005139240806986137,0.007710648849556651,,,,,,,,,
477,0.007325966867617438,0.005250878229672347,0.0076161524112550475,,,,,,,,,
478,0.007980816267944647,0.00554169110991411,0.00802593015881848,,,,,,,,,
479,0.006032642660193363,0.0055120924946168515,0.008076981171802966,,,,,,,,,
480,0.0058472930719113475,0.004859361796095421,0.007656188751173978,,,,,,,,,
481,0.005226904244390899,0.005037973728391938,0.006669490002265955,,,,,,,,,
482,0.0056229826218752495,0.004786313355147459,0.007213716567619985,,,,,,,,,
483,0.005519065296192146,0.004713374862483864,0.006620503845585884,,,,,,,,,
484,0.005248935872869901,0.005014944038561761,0.0076056092333683725,,,,,,,,,
485,0.0051459350701099195,0.00476367083914933,0.008143241523997733,,,,,,,,,
486,0.005852034077071044,0.004622010582757976,0.00786144598344651,,,,,,,,,
487,0.005746757219227221,0.005653011663989865,0.007741637481709457,,,,,,,,,
488,0.006188325737937032,0.006095832723176158,0.007926147172555284,,,,,,,,,
489,0.006925485334128516,0.005760028142042563,0.008460798576195158,,,,,,,,,
490,0.006882406358880233,0.00522117015557573,0.008072189729577899,,,,,,,,,
491,0.005169394414870168,0.005140441033490567,0.008020742252083893,,,,,,,,,
492,0.0050009773909635334,0.0015102139095031955,0.00515529581891902,,,,,,,,,
493,0.0048945193495015605,0.0018090798295820065,0.005431360344956172,,,,,,,,,
494,0.005068068713856185,0.004526379130619648,0.005095617249764224,,,,,,,,,
495,0.005703251401305535,0.005328793408190182,0.006725750255813749,,,,,,,,,
496,0.005913319242639735,0.0055667379324958405,0.007431720372367329,,,,,,,,,
497,0.005350261820474626,0.004512759106176942,0.0073205526497444875,,,,,,,,,
498,0.005431500087539469,0.004871344892309607,0.005887921421334408,,,,,,,,,
499,0.004890679825937409,0.004834386593146601,0.005479168699165526,,,,,,,,,
500,0.005552122551269577,0.005130411332784062,0.005773034998250509,,,,,,,,,
501,0.005453612987909737,0.0012217822331080442,0.005660577057225571,,,,,,,,,
502,0.005780806110469422,0.001199389793436743,0.006312134788952728,,,,,,,,,
503,0.006581632869360354,0.004048929862263292,0.006598091395874725,,,,,,,,,
504,0.006433264675442132,0.0060262785068775256,0.006453630871439876,,,,,,,,,
505,0.005378722606821329,0.0051229694330490304,0.006886486788746089,,,,,,,,,
506,0.0056943323463781465,0.004173694929510566,0.006337381410000586,,,,,,,,,
507,0.0050595189794219245,0.003863152511893909,0.007007814798709443,,,,,,,,,
508,0.004704884025889954,0.001289880904295229,0.004763041705681349,,,,,,,,,
509,0.005425916828526318,0.0013851668493882207,0.005633346311511269,,,,,,,,,
510,0.005388260245680231,0.004669955344289268,0.005785857398810634,,,,,,,,,
511,0.005759491197964996,0.005428328468446259,0.006316340200086131,,,,,,,,,
512,0.005665125370587777,0.005377441076447092,0.006688033624387921,,,,,,,,,
513,0.005423155535226768,0.0048833155290699225,0.006215865425836119,,,,,,,,,
514,0.006033878680602696,0.005185888238120411,0.006208984302376942,,,,,,,,,
515,0.005835096642114771,0.00507566849194768,0.005880496623509294,,,,,,,,,
516,0.006012377853456122,0.005402257112983751,0.0063883816594188765,,,,,,,,,
517,0.005681441803672578,0.005515528110575809,0.006165264647644463,,,,,,,,,
518,0.005336616777406622,0.005153310218313797,0.0055114542769820925,,,,,,,,,
519,0.005406307603175469,0.005013082237039899,0.005794920892626747,,,,,,,,,
520,0.005910424512215853,0.005293523149858155,0.006092676162913124,,,,,,,,,
521,0.0059740841645773745,0.005280692412491746,0.0060387183821844605,,,,,,,,,
522,0.006159980398853173,0.0009640289340621911,0.006272533211157566,,,,,,,,,
523,0.006055990063626696,0.0,0.006311313700304791,,,,,,,,,
524,0.005644838420706922,0.0,0.0062186437985101,,,,,,,,,
525,0.005716765471022092,0.0,0.0061131412560386,,,,,,,,,
526,0.006065365096413863,0.0,0.006257335222157527,,,,,,,,,
527,0.005947895629194998,0.0,0.006303267159490609,,,,,,,,,
528,0.0010393813397663633,0.0,0.005397084974222355,,,,,,,,,
529,0.003297695408196164,0.0,0.005524369180642993,,,,,,,,,
530,0.001450603849886786,0.0,0.006251509523247014,,,,,,,,,
531,0.0035488793977069485,0.0,0.006002425740059993,,,,,,,,,
532,0.005373116051676627,0.0,0.0060783473826480664,,,,,,,,,
533,0.005370349236245714,0.0,0.006050868718249179,,,,,,,,,
534,0.0010812468817504232,0.0,0.004726420368750046,,,,,,,,,
535,0.0015445209132981684,0.0,0.0033000234655005812,,,,,,,,,
536,0.002171510208695007,0.0,0.0038028860766135954,,,,,,,,,
537,0.004019769514329561,0.0,0.005103320737222645,,,,,,,,,
538,0.0042326081011732925,0.0,0.005872974588630626,,,,,,,,,
539,0.0010241231017981993,0.0,0.0011874409168378826,,,,,,,,,
540,0.0010674982536329983,0.0,0.0011033259883286436,,,,,,,,,
541,0.0019934766588000424,0.0,0.003186218541275259,,,,,,,,,
542,0.003618637106363077,0.0,0.005125637617886483,,,,,,,,,
543,0.004803496212895052,0.0,0.0050549044596761876,,,,,,,,,
544,0.004033139012819632,0.0,0.004476961678547047,,,,,,,,,
545,0.0040549969210533846,0.0,0.004069152386916425,,,,,,,,,
546,0.0041255827490201385,0.0,0.004656427789143496,,,,,,,,,
547,0.004378610220434517,0.0,0.0047874291218074905,,,,,,,,,
548,0.0038209073917280893,0.0,0.004802783375893395,,,,,,,,,
549,0.0036850674422830914,0.0,0.005016394602260271,,,,,,,,,
550,0.004019447216448542,0.0,0.0045398697699483405,,,,,,,,,
551,0.0037696418165033977,0.0,0.00414666483752543,,,,,,,,,
552,0.0038343633959168483,0.0,0.004531080162072574,,,,,,,,,
553,0.004224830024542789,0.0,0.0049827626966575415,,,,,,,,,
554,0.0043860170236665295,0.0,0.005203232727144153,,,,,,,,,
555,0.005127718788648676,0.0,0.005144348056015024,,,,,,,,,
556,0.004682939775003151,0.0,0.005082446654394093,,,,,,,,,
557,0.0040823369173124185,0.0,0.00493365208186907,,,,,,,,,
558,0.005108529089790575,0.0,0.005619080340013924,,,,,,,,,
559,0.005099151498228124,0.0,0.005312660902146591,,,,,,,,,
560,0.004808521110966506,0.0,0.005472073686177921,,,,,,,,,
561,0.004587795493016094,0.0,0.005281091372681375,,,,,,,,,
562,0.005202660453311277,0.0,0.005501182369731022,,,,,,,,,
563,0.0009401488291157084,0.0,0.005322329786002105,,,,,,,,,
564,0.0,0.0,0.005503341343741917,,,,,,,,,
565,0.0,0.0,0.0053310276156689484,,,,,,,,,
566,0.0,0.0,0.005377848554994846,,,,,,,,,
567,0.0,0.0,0.005351250455151913,,,,,,,,,
568,0.0,0.0,0.005375971555398365,,,,,,,,,
569,0.0,0.0,0.005200021290545203,,,,,,,,,
570,0.0,0.0,0.005015409451317614,,,,,,,,,
571,0.0,0.0,0.004554643817268341,,,,,,,,,
572,0.0,0.0,0.004538899726369951,,,,,,,,,
573,0.0,0.0,0.004523424447499182,,,,,,,,,
574,0.0,0.0,0.005033540641753694,,,,,,,,,
575,0.0,0.0,0.005084107969143975,,,,,,,,,
576,0.0,0.0,0.004889933467896845,,,,,,,,,
577,0.0,0.0,0.0044060671588823114,,,,,,,,,
578,0.0,0.0,0.004476280153122215,,,,,,,,,
579,0.0,0.0,0.004859115185776474,,,,,,,,,
580,0.0,0.0,0.006405445264191651,,,,,,,,,
581,0.0,0.0,0.005698367009657307,,,,,,,,,
582,0.0,0.0,0.00516486234622901,,,,,,,,,
583,0.0,0.0,0.0055176541215856975,,,,,,,,,
584,0.0,0.0,0.005583448371401509,,,,,,,,,
585,0.0,0.0,0.005225315752893035,,,,,,,,,
586,0.0,0.0,0.005311527397033671,,,,,,,,,
587,0.0,0.0,0.005381087299409146,,,,,,,,,
588,0.0,0.0,0.0009363310605510768,,,,,,,,,
589,0.0,0.0,0.0,,,,,,,,,
590,0.0,0.0,0.0,,,,,,,,,
591,0.0,0.0,0.0,,,,,,,,,
592,0.0,0.0,0.0,,,,,,,,,
593,0.0,0.0,0.0,,,,,,,,,
594,0.0,0.0,0.0,,,,,,,,,
595,0.0,0.0,0.0,,,,,,,,,
596,0.0,0.0,0.0,,,,,,,,,
597,0.0,0.0,0.0,,,,,,,,,
598,0.0,0.0,0.0,,,,,,,,,
599,0.0,0.0,0.0,,,,,,,,,
600,0.0,0.0,0.0,,,,,,,,,
601,0.0,0.0,0.0,,,,,,,,,
602,0.0,0.0,0.0,,,,,,,,,
603,0.0,0.0,0.0,,,,,,,,,
604,0.0,0.0,0.0,,,,,,,,,
605,0.0,0.0,0.0,,,,,,,,,
606,0.0,0.0,0.0,,,,,,,,,
607,0.0,0.0,0.0,,,,,,,,,
608,0.0,0.0,0.0,,,,,,,,,
609,0.0,0.0,0.0,,,,,,,,,
610,0.0,0.0,0.0,,,,,,,,,
611,0.0,0.0,0.0,,,,,,,,,
612,0.0,0.0,0.0,,,,,,,,,
613,0.0,0.0,0.0,,,,,,,,,
614,0.0,0.0,0.0,,,,,,,,,
615,0.0,0.0,0.0,,,,,,,,,
616,0.0,0.0,0.0,,,,,,,,,
617,0.0,0.0,0.0,,,,,,,,,
618,0.0,0.0,0.0,,,,,,,,,
619,0.0,0.0,0.0,,,,,,,,,
620,0.0,0.0,0.0,,,,,,,,,
621,0.0,0.0,0.0,,,,,,,,,
622,0.0,0.0,0.0,,,,,,,,,
623,0.0,0.0,0.0,,,,,,,,,
624,0.0,0.0,0.0,,,,,,,,,
625,0.0,0.0,0.0,,,,,,,,,
626,0.0,0.0,0.0,,,,,,,,,
627,0.0,0.0,0.0,,,,,,,,,
628,0.0,0.0,0.0,,,,,,,,,
629,0.0,0.0,0.0,,,,,,,,,
630,0.0,0.0,0.0,,,,,,,,,
631,0.0,0.0,0.0,,,,,,,,,
632,0.0,0.0,0.0,,,,,,,,,
633,0.0,0.0,0.0,,,,,,,,,
634,0.0,0.0,0.0,,,,,,,,,
635,0.0,0.0,0.0,,,,,,,,,
636,0.0,0.0,0.0,,,,,,,,,
637,0.0,0.0,0.0,,,,,,,,,
638,0.0,0.0,0.0,,,,,,,,,
639,0.0,0.0,0.0,,,,,,,,,
640,0.0,0.0,0.0,,,,,,,,,
641,0.0,0.0,0.0,,,,,,,,,
642,0.0,0.0,0.0,,,,,,,,,
643,0.0,0.0,0.0,,,,,,,,,
644,0.0,0.0,0.0,,,,,,,,,
645,0.0,0.0,0.0,,,,,,,,,
646,0.0,0.0,0.0,,,,,,,,,
647,0.0,0.0,0.0,,,,,,,,,
648,0.0,0.0,0.0,,,,,,,,,
649,0.0,0.0,0.0,,,,,,,,,
650,0.0,0.0,0.0,,,,,,,,,
651,0.0,0.0,0.0,,,,,,,,,
652,0.0,0.0,0.0,,,,,,,,,
653,0.0,0.0,0.0,,,,,,,,,
654,0.0,0.0,0.0,,,,,,,,,
655,0.0,0.0,0.0,,,,,,,,,
656,0.0,0.0,0.0,,,,,,,,,
657,0.0,0.0,0.0,,,,,,,,,
